-- phpMyAdmin SQL Dump
-- version 5.2.0
-- https://www.phpmyadmin.net/
--
-- Máy chủ: localhost:3306
-- Thời gian đã tạo: Th3 27, 2026 lúc 07:31 PM
-- Phiên bản máy phục vụ: 5.7.41-cll-lve
-- Phiên bản PHP: 7.2.34

SET SQL_MODE = "NO_AUTO_VALUE_ON_ZERO";
START TRANSACTION;
SET time_zone = "+00:00";


/*!40101 SET @OLD_CHARACTER_SET_CLIENT=@@CHARACTER_SET_CLIENT */;
/*!40101 SET @OLD_CHARACTER_SET_RESULTS=@@CHARACTER_SET_RESULTS */;
/*!40101 SET @OLD_COLLATION_CONNECTION=@@COLLATION_CONNECTION */;
/*!40101 SET NAMES utf8mb4 */;

--
-- Cơ sở dữ liệu: `alcqosxq_thpt_exam_db`
--

-- --------------------------------------------------------

--
-- Cấu trúc bảng cho bảng `answers`
--

CREATE TABLE `answers` (
  `id` bigint(20) UNSIGNED NOT NULL,
  `question_id` bigint(20) UNSIGNED NOT NULL,
  `content` varchar(255) COLLATE utf8mb4_unicode_ci NOT NULL,
  `is_correct` tinyint(1) NOT NULL DEFAULT '0',
  `created_at` timestamp NULL DEFAULT NULL,
  `updated_at` timestamp NULL DEFAULT NULL
) ENGINE=InnoDB DEFAULT CHARSET=utf8mb4 COLLATE=utf8mb4_unicode_ci;

--
-- Đang đổ dữ liệu cho bảng `answers`
--

INSERT INTO `answers` (`id`, `question_id`, `content`, `is_correct`, `created_at`, `updated_at`) VALUES
(1, 1, 'A. Trợ lý ảo trên xe ô tô.', 0, '2026-02-25 15:23:59', '2026-03-27 12:03:42'),
(2, 1, 'B. Tổng đài tự động hỏi đáp.', 0, '2026-02-25 15:23:59', '2026-03-27 12:03:42'),
(3, 1, 'C. Trợ giúp soạn thảo văn bản.', 0, '2026-02-25 15:23:59', '2026-03-27 12:03:42'),
(4, 1, 'D. Nhận diện khuôn mặt.', 1, '2026-02-25 15:23:59', '2026-03-27 12:03:42'),
(5, 2, 'A. Xây dựng các ứng dụng trên mạng.', 0, '2026-02-25 15:23:59', '2026-03-27 12:03:42'),
(6, 2, 'B. Tư vấn nâng cấp các thiết bị phần cứng.', 0, '2026-02-25 15:23:59', '2026-03-27 12:03:42'),
(7, 2, 'C. Thiết lập và cấu hình hệ thống mạng.', 1, '2026-02-25 15:23:59', '2026-03-27 12:03:42'),
(8, 2, 'D. Nghiên cứu và phát triển các phần mềm.', 0, '2026-02-25 15:23:59', '2026-03-27 12:03:42'),
(9, 3, 'A. Tính phức tạp ngày càng tăng của các cuộc tấn công mạng.', 1, '2026-02-25 15:23:59', '2026-03-27 12:03:42'),
(10, 3, 'B. Tốc độ xử lý của CPU ngày càng tăng nhanh.', 0, '2026-02-25 15:23:59', '2026-03-27 12:03:42'),
(11, 3, 'C. Sự phổ biến của các ứng dụng soạn thảo văn bản.', 0, '2026-02-25 15:23:59', '2026-03-27 12:03:42'),
(12, 3, 'D. Dung lượng của các thiết bị lưu trữ ngày càng tăng nhanh.', 0, '2026-02-25 15:23:59', '2026-03-27 12:03:42'),
(13, 4, 'A. Tự động hóa hoàn toàn việc kê đơn thuốc cho bệnh nhân.', 0, '2026-02-25 15:23:59', '2026-03-27 12:03:42'),
(14, 4, 'B. In phiếu thứ tự khám bệnh cho bệnh nhân.', 0, '2026-02-25 15:23:59', '2026-03-27 12:03:42'),
(15, 4, 'C. Tự động hóa hoàn toàn việc thẩm định thuốc mới.', 0, '2026-02-25 15:23:59', '2026-03-27 12:03:42'),
(16, 4, 'D. Hỗ trợ bác sĩ chẩn đoán bệnh dựa trên hình ảnh X-quang.', 1, '2026-02-25 15:23:59', '2026-03-27 12:03:42'),
(17, 5, 'A. Router.', 0, '2026-02-25 15:23:59', '2026-03-27 12:03:42'),
(18, 5, 'B. Access Point.', 0, '2026-02-25 15:23:59', '2026-03-27 12:03:42'),
(19, 5, 'C. Modem.', 0, '2026-02-25 15:23:59', '2026-03-27 12:03:42'),
(20, 5, 'D. Switch.', 1, '2026-02-25 15:23:59', '2026-03-27 12:03:42'),
(21, 6, 'A. Access Point.', 0, '2026-02-25 15:23:59', '2026-03-27 12:03:42'),
(22, 6, 'B. Modem.', 0, '2026-02-25 15:23:59', '2026-03-27 12:03:42'),
(23, 6, 'C. Router.', 1, '2026-02-25 15:23:59', '2026-03-27 12:03:42'),
(24, 6, 'D. Switch.', 0, '2026-02-25 15:23:59', '2026-03-27 12:03:42'),
(25, 7, 'A. p.border {border-width: 3px; border-style: double;}', 0, '2026-02-25 15:23:59', '2026-03-27 12:03:42'),
(26, 7, 'B. p {border-width: 3px; border-style: double;}', 0, '2026-02-25 15:23:59', '2026-03-27 12:03:42'),
(27, 7, 'C. p {border-width: 3px; border-style: dashed;}', 1, '2026-02-25 15:23:59', '2026-03-27 12:03:42'),
(28, 7, 'D. p.border {border-width: 3px; border-style: groove;}', 0, '2026-02-25 15:23:59', '2026-03-27 12:03:42'),
(29, 8, 'A. 3', 0, '2026-02-25 15:23:59', '2026-03-27 12:03:42'),
(30, 8, 'B. 2', 1, '2026-02-25 15:23:59', '2026-03-27 12:03:42'),
(31, 8, 'C. 1', 0, '2026-02-25 15:23:59', '2026-03-27 12:03:42'),
(32, 8, 'D. 0', 0, '2026-02-25 15:23:59', '2026-03-27 12:03:42'),
(33, 9, 'A. E', 1, '2026-02-25 15:23:59', '2026-03-27 12:03:42'),
(34, 9, 'B. U', 0, '2026-02-25 15:23:59', '2026-03-27 12:03:42'),
(35, 9, 'C. T', 0, '2026-02-25 15:23:59', '2026-03-27 12:03:42'),
(36, 9, 'D. R', 0, '2026-02-25 15:23:59', '2026-03-27 12:03:42'),
(37, 10, 'A. Truyền tải an toàn dữ liệu.', 0, '2026-02-25 15:23:59', '2026-03-27 12:03:42'),
(38, 10, 'B. Định tuyến gói dữ liệu.', 1, '2026-02-25 15:23:59', '2026-03-27 12:03:42'),
(39, 10, 'C. Cấp phát địa chỉ IP.', 0, '2026-02-25 15:23:59', '2026-03-27 12:03:42'),
(40, 10, 'D. Gửi nhận thư điện tử.', 0, '2026-02-25 15:23:59', '2026-03-27 12:03:42'),
(41, 11, 'A. <p><em>TN THPT </em><strong>2025</strong></p>', 0, '2026-02-25 15:23:59', '2026-03-27 12:03:42'),
(42, 11, 'B. <p><em>TN THPT <strong>2025</strong></em></p>', 0, '2026-02-25 15:23:59', '2026-03-27 12:03:42'),
(43, 11, 'C. <p><em><strong>TN THPT 2025</strong></em></p>', 0, '2026-02-25 15:23:59', '2026-03-27 12:03:42'),
(44, 11, 'D. <p><strong>TN THPT <em>2025</em></strong></p>', 1, '2026-02-25 15:23:59', '2026-03-27 12:03:42'),
(45, 12, 'A. Phát tán tin đồn chưa kiểm chứng.', 1, '2026-02-25 15:23:59', '2026-03-27 12:03:42'),
(46, 12, 'B. Trao đổi ý kiến mang tính xây dựng.', 0, '2026-02-25 15:23:59', '2026-03-27 12:03:42'),
(47, 12, 'C. Chia sẻ kiến thức có nguồn.', 0, '2026-02-25 15:23:59', '2026-03-27 12:03:42'),
(48, 12, 'D. Lan tỏa việc làm tốt.', 0, '2026-02-25 15:23:59', '2026-03-27 12:03:42'),
(49, 13, 'A. <li>', 0, '2026-02-25 15:23:59', '2026-03-27 12:03:42'),
(50, 13, 'B. <ul>', 0, '2026-02-25 15:23:59', '2026-03-27 12:03:42'),
(51, 13, 'C. <table>', 0, '2026-02-25 15:23:59', '2026-03-27 12:03:42'),
(52, 13, 'D. <ol>', 1, '2026-02-25 15:23:59', '2026-03-27 12:03:42'),
(53, 14, 'A. font-size', 1, '2026-02-25 15:23:59', '2026-03-27 12:03:42'),
(54, 14, 'B. text-align', 0, '2026-02-25 15:23:59', '2026-03-27 12:03:42'),
(55, 14, 'C. font-family', 0, '2026-02-25 15:23:59', '2026-03-27 12:03:42'),
(56, 14, 'D. text-indent', 0, '2026-02-25 15:23:59', '2026-03-27 12:03:42'),
(57, 15, 'A. Xanh lá, in đậm.', 0, '2026-02-25 15:23:59', '2026-03-27 12:03:42'),
(58, 15, 'B. Vàng, in nghiêng.', 1, '2026-02-25 15:23:59', '2026-03-27 12:03:42'),
(59, 15, 'C. Xanh lá, in nghiêng.', 0, '2026-02-25 15:23:59', '2026-03-27 12:03:42'),
(60, 15, 'D. Vàng, in đậm.', 0, '2026-02-25 15:23:59', '2026-03-27 12:03:42'),
(61, 16, 'A. <html>', 0, '2026-02-25 15:23:59', '2026-03-27 12:03:42'),
(62, 16, 'B. <p>', 0, '2026-02-25 15:23:59', '2026-03-27 12:03:42'),
(63, 16, 'C. <title>', 1, '2026-02-25 15:23:59', '2026-03-27 12:03:42'),
(64, 16, 'D. <body>', 0, '2026-02-25 15:23:59', '2026-03-27 12:03:42'),
(65, 17, 'A. img, p {display: block;}', 1, '2026-02-25 15:23:59', '2026-03-27 12:03:42'),
(66, 17, 'B. img, p {display: none;}', 0, '2026-02-25 15:23:59', '2026-03-27 12:03:42'),
(67, 17, 'C. img, p {display: inline;}', 0, '2026-02-25 15:23:59', '2026-03-27 12:03:42'),
(68, 17, 'D. img, p {display: flex;}', 0, '2026-02-25 15:23:59', '2026-03-27 12:03:42'),
(69, 18, 'A. Phần cứng máy tính.', 1, '2026-02-25 15:23:59', '2026-03-27 12:03:42'),
(70, 18, 'B. Lập trình nhúng.', 0, '2026-02-25 15:23:59', '2026-03-27 12:03:42'),
(71, 18, 'C. Cơ sở dữ liệu.', 0, '2026-02-25 15:23:59', '2026-03-27 12:03:42'),
(72, 18, 'D. An toàn thông tin.', 0, '2026-02-25 15:23:59', '2026-03-27 12:03:42'),
(73, 19, 'A. Đăng lại hình ảnh để tăng tương tác.', 1, '2026-02-25 15:23:59', '2026-03-27 12:03:42'),
(74, 19, 'B. Gửi lời chia buồn.', 0, '2026-02-25 15:23:59', '2026-03-27 12:03:42'),
(75, 19, 'C. Kêu gọi hỗ trợ khi đã xác minh.', 0, '2026-02-25 15:23:59', '2026-03-27 12:03:42'),
(76, 19, 'D. Tham gia nhóm từ thiện.', 0, '2026-02-25 15:23:59', '2026-03-27 12:03:42'),
(77, 20, 'A. Xác minh thông tin.', 0, '2026-02-25 15:23:59', '2026-03-27 12:03:42'),
(78, 20, 'B. Bỏ qua và cảnh báo bạn bè.', 0, '2026-02-25 15:23:59', '2026-03-27 12:03:42'),
(79, 20, 'C. Trình báo công an.', 0, '2026-02-25 15:23:59', '2026-03-27 12:03:42'),
(80, 20, 'D. Nộp tiền đặt cọc ngay.', 1, '2026-02-25 15:23:59', '2026-03-27 12:03:42'),
(81, 21, 'A. 3 hàng, 2 cột.', 0, '2026-02-25 15:23:59', '2026-03-27 12:03:42'),
(82, 21, 'B. 3 hàng, 3 cột.', 0, '2026-02-25 15:23:59', '2026-03-27 12:03:42'),
(83, 21, 'C. 2 hàng, 2 cột.', 0, '2026-02-25 15:23:59', '2026-03-27 12:03:42'),
(84, 21, 'D. 2 hàng, 3 cột.', 1, '2026-02-25 15:23:59', '2026-03-27 12:03:42'),
(85, 22, 'A. Mạng máy tính.', 0, '2026-02-25 15:23:59', '2026-03-27 12:03:42'),
(86, 22, 'B. An toàn thông tin.', 0, '2026-02-25 15:23:59', '2026-03-27 12:03:42'),
(87, 22, 'C. Trí tuệ nhân tạo.', 1, '2026-02-25 15:23:59', '2026-03-27 12:03:42'),
(88, 22, 'D. Internet vạn vật.', 0, '2026-02-25 15:23:59', '2026-03-27 12:03:42'),
(89, 23, 'A. Tin tưởng hoàn toàn.', 0, '2026-02-25 15:23:59', '2026-03-27 12:03:42'),
(90, 23, 'B. Xem xét thận trọng, có trách nhiệm.', 1, '2026-02-25 15:23:59', '2026-03-27 12:03:42'),
(91, 23, 'C. Giữ nguyên làm sản phẩm.', 0, '2026-02-25 15:23:59', '2026-03-27 12:03:42'),
(92, 23, 'D. Chia sẻ không kiểm chứng.', 0, '2026-02-25 15:23:59', '2026-03-27 12:03:42'),
(93, 24, 'A. Kết nối Wi-Fi trong LAN.', 0, '2026-02-25 15:23:59', '2026-03-27 12:03:42'),
(94, 24, 'B. Định tuyến gói dữ liệu giữa các mạng.', 1, '2026-02-25 15:23:59', '2026-03-27 12:03:42'),
(95, 24, 'C. Chuyển đổi tín hiệu tương tự – số.', 0, '2026-02-25 15:23:59', '2026-03-27 12:03:42'),
(96, 24, 'D. Phát tín hiệu trong LAN.', 0, '2026-02-25 15:23:59', '2026-03-27 12:03:42'),
(97, 26, 'Đúng', 0, '2026-02-25 15:23:59', '2026-03-27 12:03:42'),
(98, 26, 'Sai', 0, '2026-02-25 15:23:59', '2026-03-27 12:03:42'),
(99, 27, 'Đúng', 1, '2026-02-25 15:23:59', '2026-03-27 12:03:42'),
(100, 27, 'Sai', 1, '2026-02-25 15:23:59', '2026-03-27 12:03:42'),
(101, 28, 'Đúng', 0, '2026-02-25 15:23:59', '2026-03-27 12:03:42'),
(102, 28, 'Sai', 0, '2026-02-25 15:23:59', '2026-03-27 12:03:42'),
(103, 29, 'Đúng', 1, '2026-02-25 15:23:59', '2026-03-27 12:03:42'),
(104, 29, 'Sai', 1, '2026-02-25 15:23:59', '2026-03-27 12:03:42'),
(105, 31, 'Đúng', 0, '2026-02-25 15:23:59', '2026-03-27 12:03:42'),
(106, 31, 'Sai', 0, '2026-02-25 15:23:59', '2026-03-27 12:03:42'),
(107, 32, 'Đúng', 1, '2026-02-25 15:23:59', '2026-03-27 12:03:42'),
(108, 32, 'Sai', 1, '2026-02-25 15:23:59', '2026-03-27 12:03:42'),
(109, 33, 'Đúng', 0, '2026-02-25 15:23:59', '2026-03-27 12:03:42'),
(110, 33, 'Sai', 0, '2026-02-25 15:23:59', '2026-03-27 12:03:42'),
(111, 34, 'Đúng', 1, '2026-02-25 15:23:59', '2026-03-27 12:03:42'),
(112, 34, 'Sai', 1, '2026-02-25 15:23:59', '2026-03-27 12:03:42'),
(113, 36, 'Đúng', 1, '2026-02-25 15:23:59', '2026-03-27 12:03:42'),
(114, 36, 'Sai', 1, '2026-02-25 15:23:59', '2026-03-27 12:03:42'),
(115, 37, 'Đúng', 0, '2026-02-25 15:23:59', '2026-03-27 12:03:42'),
(116, 37, 'Sai', 0, '2026-02-25 15:23:59', '2026-03-27 12:03:42'),
(117, 38, 'Đúng', 1, '2026-02-25 15:23:59', '2026-03-27 12:03:42'),
(118, 38, 'Sai', 1, '2026-02-25 15:23:59', '2026-03-27 12:03:42'),
(119, 39, 'Đúng', 0, '2026-02-25 15:23:59', '2026-03-27 12:03:42'),
(120, 39, 'Sai', 0, '2026-02-25 15:23:59', '2026-03-27 12:03:42'),
(121, 41, 'Đúng', 0, '2026-02-25 15:23:59', '2026-03-27 12:03:42'),
(122, 41, 'Sai', 0, '2026-02-25 15:23:59', '2026-03-27 12:03:42'),
(123, 42, 'Đúng', 0, '2026-02-25 15:23:59', '2026-03-27 12:03:42'),
(124, 42, 'Sai', 0, '2026-02-25 15:23:59', '2026-03-27 12:03:42'),
(125, 43, 'Đúng', 1, '2026-02-25 15:23:59', '2026-03-27 12:03:42'),
(126, 43, 'Sai', 1, '2026-02-25 15:23:59', '2026-03-27 12:03:42'),
(127, 44, 'Đúng', 1, '2026-02-25 15:23:59', '2026-03-27 12:03:42'),
(128, 44, 'Sai', 1, '2026-02-25 15:23:59', '2026-03-27 12:03:42'),
(129, 46, 'Đúng', 1, '2026-02-25 15:23:59', '2026-03-27 12:03:42'),
(130, 46, 'Sai', 1, '2026-02-25 15:23:59', '2026-03-27 12:03:42'),
(131, 47, 'Đúng', 1, '2026-02-25 15:23:59', '2026-03-27 12:03:42'),
(132, 47, 'Sai', 1, '2026-02-25 15:23:59', '2026-03-27 12:03:42'),
(133, 48, 'Đúng', 0, '2026-02-25 15:23:59', '2026-03-27 12:03:42'),
(134, 48, 'Sai', 0, '2026-02-25 15:23:59', '2026-03-27 12:03:42'),
(135, 49, 'Đúng', 0, '2026-02-25 15:23:59', '2026-03-27 12:03:42'),
(136, 49, 'Sai', 0, '2026-02-25 15:23:59', '2026-03-27 12:03:42'),
(137, 51, 'Đúng', 1, '2026-02-25 15:23:59', '2026-03-27 12:03:42'),
(138, 51, 'Sai', 1, '2026-02-25 15:23:59', '2026-03-27 12:03:42'),
(139, 52, 'Đúng', 0, '2026-02-25 15:23:59', '2026-03-27 12:03:42'),
(140, 52, 'Sai', 0, '2026-02-25 15:23:59', '2026-03-27 12:03:42'),
(141, 53, 'Đúng', 0, '2026-02-25 15:23:59', '2026-03-27 12:03:42'),
(142, 53, 'Sai', 0, '2026-02-25 15:23:59', '2026-03-27 12:03:42'),
(143, 54, 'Đúng', 1, '2026-02-25 15:23:59', '2026-03-27 12:03:42'),
(144, 54, 'Sai', 1, '2026-02-25 15:23:59', '2026-03-27 12:03:42'),
(145, 55, 'Quản lí hành chính Nhà nước thông qua hệ thống các phần mềm.', 1, '2026-03-23 13:06:43', '2026-03-23 13:06:43'),
(146, 55, 'Trao đổi thông tin bằng sử dụng thư điện tử.', 0, '2026-03-23 13:06:43', '2026-03-23 13:06:43'),
(147, 55, 'Xác thực mở khóa điện thoại bằng nhận diện khuôn mặt.', 0, '2026-03-23 13:06:43', '2026-03-23 13:06:43'),
(148, 55, 'Quét mã vạch để tra cứu sản phẩm tồn kho.', 0, '2026-03-23 13:06:43', '2026-03-23 13:06:43'),
(173, 62, 'Đề xuất các sản phẩm phù hợp dựa trên hành vi tiêu dùng của khách hàng.', 0, '2026-03-23 13:59:50', '2026-03-23 13:59:50'),
(174, 62, 'Khách hàng xem được ảnh, video và thông số kĩ thuật của sản phẩm.', 1, '2026-03-23 13:59:50', '2026-03-23 13:59:50'),
(175, 62, 'Khách hàng trò chuyện với chatbot tự động để tìm hiểu sản phẩm.', 0, '2026-03-23 13:59:50', '2026-03-23 13:59:50'),
(176, 62, 'Tìm kiếm sản phẩm phù hợp dựa trên lịch sử tìm kiếm, sở thích của khách hàng.', 0, '2026-03-23 13:59:50', '2026-03-23 13:59:50'),
(177, 63, 'Mở khóa màn hình điện thoại bằng xác thực qua khuôn mặt được đưa vào trước camera của điện thoại.', 0, '2026-03-23 14:03:20', '2026-03-23 14:03:20'),
(178, 63, 'Nhận diện khuôn mặt trong chấm công hoặc điểm danh.', 0, '2026-03-23 14:03:20', '2026-03-23 14:03:20'),
(179, 63, 'Tìm kiếm các video, hình ảnh bằng giọng nói.', 1, '2026-03-23 14:03:20', '2026-03-23 14:03:20'),
(180, 63, 'Thu âm lời thuyết minh thành một tệp âm thanh để lưu trên máy tính.', 0, '2026-03-23 14:03:20', '2026-03-23 14:03:20'),
(181, 64, 'TCP.', 1, '2026-03-25 04:13:07', '2026-03-25 04:13:07'),
(182, 64, 'IP.', 0, '2026-03-25 04:13:07', '2026-03-25 04:13:07'),
(183, 64, 'SMTP.', 0, '2026-03-25 04:13:07', '2026-03-25 04:13:07'),
(184, 64, 'HTTP.', 0, '2026-03-25 04:13:07', '2026-03-25 04:13:07'),
(185, 65, '10.', 1, '2026-03-25 15:29:54', '2026-03-25 15:29:54'),
(186, 65, '12.', 0, '2026-03-25 15:29:54', '2026-03-25 15:29:54'),
(187, 65, '15.', 0, '2026-03-25 15:29:54', '2026-03-25 15:29:54'),
(188, 65, '14.', 0, '2026-03-25 15:29:54', '2026-03-25 15:29:54'),
(189, 66, '1,3,5,7,9.', 1, '2026-03-25 15:48:46', '2026-03-25 15:48:46'),
(190, 66, '1,2,3,4,5,6,7,8,9,10.', 0, '2026-03-25 15:48:46', '2026-03-25 15:48:46'),
(191, 66, '1,3,5,7,9,10.', 0, '2026-03-25 15:48:46', '2026-03-25 15:48:46'),
(192, 66, '1,3,5,7,10.', 0, '2026-03-25 15:48:46', '2026-03-25 15:48:46');

-- --------------------------------------------------------

--
-- Cấu trúc bảng cho bảng `attempt_answers`
--

CREATE TABLE `attempt_answers` (
  `id` bigint(20) UNSIGNED NOT NULL,
  `attempt_id` bigint(20) UNSIGNED NOT NULL,
  `question_id` bigint(20) UNSIGNED NOT NULL,
  `selected_answer_id` bigint(20) UNSIGNED DEFAULT NULL,
  `is_correct` tinyint(1) NOT NULL,
  `created_at` timestamp NULL DEFAULT NULL,
  `updated_at` timestamp NULL DEFAULT NULL
) ENGINE=InnoDB DEFAULT CHARSET=utf8mb4 COLLATE=utf8mb4_unicode_ci;

--
-- Đang đổ dữ liệu cho bảng `attempt_answers`
--

INSERT INTO `attempt_answers` (`id`, `attempt_id`, `question_id`, `selected_answer_id`, `is_correct`, `created_at`, `updated_at`) VALUES
(1, 1, 1, 4, 1, '2026-02-25 16:32:17', '2026-02-25 16:32:17'),
(2, 1, 2, 5, 0, '2026-02-25 16:32:17', '2026-02-25 16:32:17'),
(3, 1, 3, 9, 1, '2026-02-25 16:32:17', '2026-02-25 16:32:17'),
(4, 1, 4, 16, 1, '2026-02-25 16:32:17', '2026-02-25 16:32:17'),
(5, 1, 5, 17, 0, '2026-02-25 16:32:17', '2026-02-25 16:32:17'),
(6, 1, 6, 23, 1, '2026-02-25 16:32:17', '2026-02-25 16:32:17'),
(7, 1, 7, 26, 0, '2026-02-25 16:32:17', '2026-02-25 16:32:17'),
(8, 1, 8, 30, 1, '2026-02-25 16:32:17', '2026-02-25 16:32:17'),
(9, 1, 9, 34, 0, '2026-02-25 16:32:17', '2026-02-25 16:32:17'),
(10, 1, 10, 38, 1, '2026-02-25 16:32:17', '2026-02-25 16:32:17'),
(11, 1, 11, 42, 0, '2026-02-25 16:32:17', '2026-02-25 16:32:17'),
(12, 1, 12, 46, 0, '2026-02-25 16:32:17', '2026-02-25 16:32:17'),
(13, 1, 13, 50, 0, '2026-02-25 16:32:17', '2026-02-25 16:32:17'),
(14, 1, 23, 90, 1, '2026-02-25 16:32:17', '2026-02-25 16:32:17'),
(15, 1, 24, 96, 0, '2026-02-25 16:32:17', '2026-02-25 16:32:17'),
(16, 1, 26, 97, 0, '2026-02-25 16:32:17', '2026-02-25 16:32:17'),
(17, 1, 27, 100, 0, '2026-02-25 16:32:17', '2026-02-25 16:32:17'),
(18, 1, 28, 101, 0, '2026-02-25 16:32:17', '2026-02-25 16:32:17'),
(19, 1, 29, 104, 0, '2026-02-25 16:32:17', '2026-02-25 16:32:17'),
(20, 1, 31, 105, 0, '2026-02-25 16:32:17', '2026-02-25 16:32:17'),
(21, 1, 32, 107, 1, '2026-02-25 16:32:17', '2026-02-25 16:32:17'),
(22, 1, 33, 110, 1, '2026-02-25 16:32:17', '2026-02-25 16:32:17'),
(23, 1, 34, 112, 0, '2026-02-25 16:32:17', '2026-02-25 16:32:17'),
(24, 2, 1, 4, 1, '2026-02-25 16:52:39', '2026-02-25 16:52:39'),
(25, 2, 2, 5, 0, '2026-02-25 16:52:39', '2026-02-25 16:52:39'),
(26, 2, 3, 11, 0, '2026-02-25 16:52:39', '2026-02-25 16:52:39'),
(27, 2, 4, 14, 0, '2026-02-25 16:52:39', '2026-02-25 16:52:39'),
(28, 2, 5, 20, 1, '2026-02-25 16:52:39', '2026-02-25 16:52:39'),
(29, 2, 6, 23, 1, '2026-02-25 16:52:39', '2026-02-25 16:52:39'),
(30, 2, 7, 25, 0, '2026-02-25 16:52:39', '2026-02-25 16:52:39'),
(31, 2, 8, 30, 1, '2026-02-25 16:52:39', '2026-02-25 16:52:39'),
(32, 2, 9, 35, 0, '2026-02-25 16:52:39', '2026-02-25 16:52:39'),
(33, 2, 10, 39, 0, '2026-02-25 16:52:39', '2026-02-25 16:52:39'),
(34, 2, 11, 43, 0, '2026-02-25 16:52:39', '2026-02-25 16:52:39'),
(35, 2, 12, 45, 1, '2026-02-25 16:52:39', '2026-02-25 16:52:39'),
(36, 2, 13, 50, 0, '2026-02-25 16:52:39', '2026-02-25 16:52:39'),
(37, 2, 14, 56, 0, '2026-02-25 16:52:39', '2026-02-25 16:52:39'),
(38, 2, 15, 58, 1, '2026-02-25 16:52:39', '2026-02-25 16:52:39'),
(39, 2, 16, 61, 0, '2026-02-25 16:52:39', '2026-02-25 16:52:39'),
(40, 2, 17, 66, 0, '2026-02-25 16:52:39', '2026-02-25 16:52:39'),
(41, 2, 18, 70, 0, '2026-02-25 16:52:39', '2026-02-25 16:52:39'),
(42, 2, 19, 75, 0, '2026-02-25 16:52:39', '2026-02-25 16:52:39'),
(43, 2, 20, 77, 0, '2026-02-25 16:52:39', '2026-02-25 16:52:39'),
(44, 2, 21, 81, 0, '2026-02-25 16:52:39', '2026-02-25 16:52:39'),
(45, 2, 22, 87, 1, '2026-02-25 16:52:39', '2026-02-25 16:52:39'),
(46, 2, 23, 91, 0, '2026-02-25 16:52:39', '2026-02-25 16:52:39'),
(47, 2, 24, 95, 0, '2026-02-25 16:52:39', '2026-02-25 16:52:39'),
(48, 2, 26, 97, 0, '2026-02-25 16:52:39', '2026-02-25 16:52:39'),
(49, 2, 27, 100, 0, '2026-02-25 16:52:39', '2026-02-25 16:52:39'),
(50, 2, 28, 101, 0, '2026-02-25 16:52:39', '2026-02-25 16:52:39'),
(51, 2, 29, 104, 0, '2026-02-25 16:52:39', '2026-02-25 16:52:39'),
(52, 2, 31, 105, 0, '2026-02-25 16:52:39', '2026-02-25 16:52:39'),
(53, 2, 32, 107, 1, '2026-02-25 16:52:39', '2026-02-25 16:52:39'),
(54, 2, 33, 110, 1, '2026-02-25 16:52:39', '2026-02-25 16:52:39'),
(55, 2, 34, 112, 0, '2026-02-25 16:52:39', '2026-02-25 16:52:39'),
(56, 2, 46, 129, 1, '2026-02-25 16:52:39', '2026-02-25 16:52:39'),
(57, 2, 47, 132, 0, '2026-02-25 16:52:39', '2026-02-25 16:52:39'),
(58, 2, 48, 133, 0, '2026-02-25 16:52:39', '2026-02-25 16:52:39'),
(59, 2, 49, 136, 1, '2026-02-25 16:52:39', '2026-02-25 16:52:39'),
(60, 2, 51, 138, 0, '2026-02-25 16:52:39', '2026-02-25 16:52:39'),
(61, 2, 52, 140, 1, '2026-02-25 16:52:39', '2026-02-25 16:52:39'),
(62, 2, 53, 141, 0, '2026-02-25 16:52:39', '2026-02-25 16:52:39'),
(63, 2, 54, 143, 1, '2026-02-25 16:52:39', '2026-02-25 16:52:39'),
(64, 3, 1, 4, 1, '2026-02-25 16:57:57', '2026-02-25 16:57:57'),
(65, 3, 2, 5, 0, '2026-02-25 16:57:57', '2026-02-25 16:57:57'),
(66, 3, 3, 11, 0, '2026-02-25 16:57:57', '2026-02-25 16:57:57'),
(67, 3, 4, 14, 0, '2026-02-25 16:57:57', '2026-02-25 16:57:57'),
(68, 3, 5, 20, 1, '2026-02-25 16:57:57', '2026-02-25 16:57:57'),
(69, 3, 6, 23, 1, '2026-02-25 16:57:57', '2026-02-25 16:57:57'),
(70, 3, 7, 25, 0, '2026-02-25 16:57:57', '2026-02-25 16:57:57'),
(71, 3, 8, 30, 1, '2026-02-25 16:57:57', '2026-02-25 16:57:57'),
(72, 3, 9, 35, 0, '2026-02-25 16:57:57', '2026-02-25 16:57:57'),
(73, 3, 10, 39, 0, '2026-02-25 16:57:57', '2026-02-25 16:57:57'),
(74, 3, 11, 43, 0, '2026-02-25 16:57:57', '2026-02-25 16:57:57'),
(75, 3, 12, 45, 1, '2026-02-25 16:57:57', '2026-02-25 16:57:57'),
(76, 3, 13, 50, 0, '2026-02-25 16:57:57', '2026-02-25 16:57:57'),
(77, 3, 14, 56, 0, '2026-02-25 16:57:57', '2026-02-25 16:57:57'),
(78, 3, 15, 58, 1, '2026-02-25 16:57:57', '2026-02-25 16:57:57'),
(79, 3, 16, 61, 0, '2026-02-25 16:57:57', '2026-02-25 16:57:57'),
(80, 3, 17, 66, 0, '2026-02-25 16:57:57', '2026-02-25 16:57:57'),
(81, 3, 18, 70, 0, '2026-02-25 16:57:57', '2026-02-25 16:57:57'),
(82, 3, 19, 75, 0, '2026-02-25 16:57:57', '2026-02-25 16:57:57'),
(83, 3, 20, 77, 0, '2026-02-25 16:57:57', '2026-02-25 16:57:57'),
(84, 3, 21, 81, 0, '2026-02-25 16:57:57', '2026-02-25 16:57:57'),
(85, 3, 22, 87, 1, '2026-02-25 16:57:57', '2026-02-25 16:57:57'),
(86, 3, 23, 91, 0, '2026-02-25 16:57:57', '2026-02-25 16:57:57'),
(87, 3, 24, 95, 0, '2026-02-25 16:57:57', '2026-02-25 16:57:57'),
(88, 3, 26, 97, 0, '2026-02-25 16:57:57', '2026-02-25 16:57:57'),
(89, 3, 27, 100, 0, '2026-02-25 16:57:57', '2026-02-25 16:57:57'),
(90, 3, 28, 101, 0, '2026-02-25 16:57:57', '2026-02-25 16:57:57'),
(91, 3, 29, 104, 0, '2026-02-25 16:57:57', '2026-02-25 16:57:57'),
(92, 3, 31, 105, 0, '2026-02-25 16:57:57', '2026-02-25 16:57:57'),
(93, 3, 32, 107, 1, '2026-02-25 16:57:57', '2026-02-25 16:57:57'),
(94, 3, 33, 110, 1, '2026-02-25 16:57:57', '2026-02-25 16:57:57'),
(95, 3, 34, 112, 0, '2026-02-25 16:57:57', '2026-02-25 16:57:57'),
(96, 3, 46, 129, 1, '2026-02-25 16:57:57', '2026-02-25 16:57:57'),
(97, 3, 47, 132, 0, '2026-02-25 16:57:57', '2026-02-25 16:57:57'),
(98, 3, 48, 133, 0, '2026-02-25 16:57:57', '2026-02-25 16:57:57'),
(99, 3, 49, 136, 1, '2026-02-25 16:57:57', '2026-02-25 16:57:57'),
(100, 3, 51, 138, 0, '2026-02-25 16:57:57', '2026-02-25 16:57:57'),
(101, 3, 52, 140, 1, '2026-02-25 16:57:57', '2026-02-25 16:57:57'),
(102, 3, 53, 141, 0, '2026-02-25 16:57:57', '2026-02-25 16:57:57'),
(103, 3, 54, 143, 1, '2026-02-25 16:57:57', '2026-02-25 16:57:57'),
(104, 4, 1, 4, 1, '2026-02-25 16:58:08', '2026-02-25 16:58:08'),
(105, 4, 2, 5, 0, '2026-02-25 16:58:08', '2026-02-25 16:58:08'),
(106, 4, 3, 11, 0, '2026-02-25 16:58:08', '2026-02-25 16:58:08'),
(107, 4, 4, 14, 0, '2026-02-25 16:58:08', '2026-02-25 16:58:08'),
(108, 4, 5, 20, 1, '2026-02-25 16:58:08', '2026-02-25 16:58:08'),
(109, 4, 6, 23, 1, '2026-02-25 16:58:08', '2026-02-25 16:58:08'),
(110, 4, 7, 25, 0, '2026-02-25 16:58:08', '2026-02-25 16:58:08'),
(111, 4, 8, 30, 1, '2026-02-25 16:58:08', '2026-02-25 16:58:08'),
(112, 4, 9, 35, 0, '2026-02-25 16:58:08', '2026-02-25 16:58:08'),
(113, 4, 10, 39, 0, '2026-02-25 16:58:08', '2026-02-25 16:58:08'),
(114, 4, 11, 43, 0, '2026-02-25 16:58:08', '2026-02-25 16:58:08'),
(115, 4, 12, 45, 1, '2026-02-25 16:58:08', '2026-02-25 16:58:08'),
(116, 4, 13, 50, 0, '2026-02-25 16:58:08', '2026-02-25 16:58:08'),
(117, 4, 14, 56, 0, '2026-02-25 16:58:08', '2026-02-25 16:58:08'),
(118, 4, 15, 58, 1, '2026-02-25 16:58:08', '2026-02-25 16:58:08'),
(119, 4, 16, 61, 0, '2026-02-25 16:58:08', '2026-02-25 16:58:08'),
(120, 4, 17, 66, 0, '2026-02-25 16:58:08', '2026-02-25 16:58:08'),
(121, 4, 18, 70, 0, '2026-02-25 16:58:08', '2026-02-25 16:58:08'),
(122, 4, 19, 75, 0, '2026-02-25 16:58:08', '2026-02-25 16:58:08'),
(123, 4, 20, 77, 0, '2026-02-25 16:58:08', '2026-02-25 16:58:08'),
(124, 4, 21, 81, 0, '2026-02-25 16:58:08', '2026-02-25 16:58:08'),
(125, 4, 22, 87, 1, '2026-02-25 16:58:08', '2026-02-25 16:58:08'),
(126, 4, 23, 91, 0, '2026-02-25 16:58:08', '2026-02-25 16:58:08'),
(127, 4, 24, 95, 0, '2026-02-25 16:58:08', '2026-02-25 16:58:08'),
(128, 4, 26, 97, 0, '2026-02-25 16:58:08', '2026-02-25 16:58:08'),
(129, 4, 27, 100, 0, '2026-02-25 16:58:08', '2026-02-25 16:58:08'),
(130, 4, 28, 101, 0, '2026-02-25 16:58:08', '2026-02-25 16:58:08'),
(131, 4, 29, 104, 0, '2026-02-25 16:58:08', '2026-02-25 16:58:08'),
(132, 4, 31, 105, 0, '2026-02-25 16:58:08', '2026-02-25 16:58:08'),
(133, 4, 32, 107, 1, '2026-02-25 16:58:08', '2026-02-25 16:58:08'),
(134, 4, 33, 110, 1, '2026-02-25 16:58:08', '2026-02-25 16:58:08'),
(135, 4, 34, 112, 0, '2026-02-25 16:58:08', '2026-02-25 16:58:08'),
(136, 4, 46, 129, 1, '2026-02-25 16:58:08', '2026-02-25 16:58:08'),
(137, 4, 47, 132, 0, '2026-02-25 16:58:08', '2026-02-25 16:58:08'),
(138, 4, 48, 133, 0, '2026-02-25 16:58:08', '2026-02-25 16:58:08'),
(139, 4, 49, 136, 1, '2026-02-25 16:58:08', '2026-02-25 16:58:08'),
(140, 4, 51, 138, 0, '2026-02-25 16:58:08', '2026-02-25 16:58:08'),
(141, 4, 52, 140, 1, '2026-02-25 16:58:08', '2026-02-25 16:58:08'),
(142, 4, 53, 141, 0, '2026-02-25 16:58:08', '2026-02-25 16:58:08'),
(143, 4, 54, 143, 1, '2026-02-25 16:58:08', '2026-02-25 16:58:08'),
(144, 5, 1, 4, 1, '2026-02-25 17:02:21', '2026-02-25 17:02:21'),
(145, 5, 2, 5, 0, '2026-02-25 17:02:21', '2026-02-25 17:02:21'),
(146, 5, 3, 11, 0, '2026-02-25 17:02:21', '2026-02-25 17:02:21'),
(147, 5, 4, 14, 0, '2026-02-25 17:02:21', '2026-02-25 17:02:21'),
(148, 5, 5, 20, 1, '2026-02-25 17:02:21', '2026-02-25 17:02:21'),
(149, 5, 6, 23, 1, '2026-02-25 17:02:21', '2026-02-25 17:02:21'),
(150, 5, 7, 25, 0, '2026-02-25 17:02:21', '2026-02-25 17:02:21'),
(151, 5, 8, 30, 1, '2026-02-25 17:02:21', '2026-02-25 17:02:21'),
(152, 5, 9, 35, 0, '2026-02-25 17:02:21', '2026-02-25 17:02:21'),
(153, 5, 10, 39, 0, '2026-02-25 17:02:21', '2026-02-25 17:02:21'),
(154, 5, 11, 43, 0, '2026-02-25 17:02:21', '2026-02-25 17:02:21'),
(155, 5, 12, 45, 1, '2026-02-25 17:02:21', '2026-02-25 17:02:21'),
(156, 5, 13, 50, 0, '2026-02-25 17:02:21', '2026-02-25 17:02:21'),
(157, 5, 14, 56, 0, '2026-02-25 17:02:21', '2026-02-25 17:02:21'),
(158, 5, 15, 58, 1, '2026-02-25 17:02:21', '2026-02-25 17:02:21'),
(159, 5, 16, 61, 0, '2026-02-25 17:02:21', '2026-02-25 17:02:21'),
(160, 5, 17, 66, 0, '2026-02-25 17:02:21', '2026-02-25 17:02:21'),
(161, 5, 18, 70, 0, '2026-02-25 17:02:21', '2026-02-25 17:02:21'),
(162, 5, 19, 75, 0, '2026-02-25 17:02:21', '2026-02-25 17:02:21'),
(163, 5, 20, 77, 0, '2026-02-25 17:02:21', '2026-02-25 17:02:21'),
(164, 5, 21, 81, 0, '2026-02-25 17:02:21', '2026-02-25 17:02:21'),
(165, 5, 22, 87, 1, '2026-02-25 17:02:21', '2026-02-25 17:02:21'),
(166, 5, 23, 91, 0, '2026-02-25 17:02:21', '2026-02-25 17:02:21'),
(167, 5, 24, 95, 0, '2026-02-25 17:02:21', '2026-02-25 17:02:21'),
(168, 5, 26, 97, 0, '2026-02-25 17:02:21', '2026-02-25 17:02:21'),
(169, 5, 27, 100, 0, '2026-02-25 17:02:21', '2026-02-25 17:02:21'),
(170, 5, 28, 101, 0, '2026-02-25 17:02:21', '2026-02-25 17:02:21'),
(171, 5, 29, 104, 0, '2026-02-25 17:02:21', '2026-02-25 17:02:21'),
(172, 5, 31, 105, 0, '2026-02-25 17:02:21', '2026-02-25 17:02:21'),
(173, 5, 32, 107, 1, '2026-02-25 17:02:21', '2026-02-25 17:02:21'),
(174, 5, 33, 110, 1, '2026-02-25 17:02:21', '2026-02-25 17:02:21'),
(175, 5, 34, 112, 0, '2026-02-25 17:02:21', '2026-02-25 17:02:21'),
(176, 5, 46, 129, 1, '2026-02-25 17:02:21', '2026-02-25 17:02:21'),
(177, 5, 47, 132, 0, '2026-02-25 17:02:21', '2026-02-25 17:02:21'),
(178, 5, 48, 133, 0, '2026-02-25 17:02:21', '2026-02-25 17:02:21'),
(179, 5, 49, 136, 1, '2026-02-25 17:02:21', '2026-02-25 17:02:21'),
(180, 5, 51, 138, 0, '2026-02-25 17:02:21', '2026-02-25 17:02:21'),
(181, 5, 52, 140, 1, '2026-02-25 17:02:21', '2026-02-25 17:02:21'),
(182, 5, 53, 141, 0, '2026-02-25 17:02:21', '2026-02-25 17:02:21'),
(183, 5, 54, 143, 1, '2026-02-25 17:02:21', '2026-02-25 17:02:21'),
(184, 6, 1, 4, 1, '2026-02-25 17:04:16', '2026-02-25 17:04:16'),
(185, 6, 2, 8, 0, '2026-02-25 17:04:16', '2026-02-25 17:04:16'),
(186, 6, 3, 10, 0, '2026-02-25 17:04:16', '2026-02-25 17:04:16'),
(187, 6, 4, 15, 0, '2026-02-25 17:04:16', '2026-02-25 17:04:16'),
(188, 6, 5, 18, 0, '2026-02-25 17:04:16', '2026-02-25 17:04:16'),
(189, 6, 6, 23, 1, '2026-02-25 17:04:16', '2026-02-25 17:04:16'),
(190, 6, 7, 26, 0, '2026-02-25 17:04:16', '2026-02-25 17:04:16'),
(191, 6, 8, 31, 0, '2026-02-25 17:04:16', '2026-02-25 17:04:16'),
(192, 6, 9, 34, 0, '2026-02-25 17:04:16', '2026-02-25 17:04:16'),
(193, 6, 10, 39, 0, '2026-02-25 17:04:16', '2026-02-25 17:04:16'),
(194, 6, 11, 42, 0, '2026-02-25 17:04:16', '2026-02-25 17:04:16'),
(195, 6, 12, 48, 0, '2026-02-25 17:04:16', '2026-02-25 17:04:16'),
(196, 6, 13, 49, 0, '2026-02-25 17:04:16', '2026-02-25 17:04:16'),
(197, 6, 14, 55, 0, '2026-02-25 17:04:16', '2026-02-25 17:04:16'),
(198, 6, 15, 58, 1, '2026-02-25 17:04:16', '2026-02-25 17:04:16'),
(199, 6, 16, 63, 1, '2026-02-25 17:04:16', '2026-02-25 17:04:16'),
(200, 6, 17, 65, 1, '2026-02-25 17:04:16', '2026-02-25 17:04:16'),
(201, 6, 18, 71, 0, '2026-02-25 17:04:16', '2026-02-25 17:04:16'),
(202, 6, 19, 73, 1, '2026-02-25 17:04:16', '2026-02-25 17:04:16'),
(203, 6, 20, 78, 0, '2026-02-25 17:04:16', '2026-02-25 17:04:16'),
(204, 6, 21, 83, 0, '2026-02-25 17:04:16', '2026-02-25 17:04:16'),
(205, 6, 22, 86, 0, '2026-02-25 17:04:16', '2026-02-25 17:04:16'),
(206, 6, 23, 91, 0, '2026-02-25 17:04:16', '2026-02-25 17:04:16'),
(207, 6, 24, 94, 1, '2026-02-25 17:04:16', '2026-02-25 17:04:16'),
(208, 6, 26, 97, 0, '2026-02-25 17:04:16', '2026-02-25 17:04:16'),
(209, 6, 27, 100, 0, '2026-02-25 17:04:16', '2026-02-25 17:04:16'),
(210, 6, 28, 101, 0, '2026-02-25 17:04:16', '2026-02-25 17:04:16'),
(211, 6, 29, 104, 0, '2026-02-25 17:04:16', '2026-02-25 17:04:16'),
(212, 6, 31, 105, 0, '2026-02-25 17:04:16', '2026-02-25 17:04:16'),
(213, 6, 32, 107, 1, '2026-02-25 17:04:16', '2026-02-25 17:04:16'),
(214, 6, 33, 110, 1, '2026-02-25 17:04:16', '2026-02-25 17:04:16'),
(215, 6, 34, 112, 0, '2026-02-25 17:04:16', '2026-02-25 17:04:16'),
(216, 6, 46, 130, 0, '2026-02-25 17:04:16', '2026-02-25 17:04:16'),
(217, 6, 47, 131, 1, '2026-02-25 17:04:16', '2026-02-25 17:04:16'),
(218, 6, 48, 134, 1, '2026-02-25 17:04:16', '2026-02-25 17:04:16'),
(219, 6, 49, 135, 0, '2026-02-25 17:04:16', '2026-02-25 17:04:16'),
(220, 6, 51, 138, 0, '2026-02-25 17:04:16', '2026-02-25 17:04:16'),
(221, 6, 52, 140, 1, '2026-02-25 17:04:16', '2026-02-25 17:04:16'),
(222, 6, 53, 141, 0, '2026-02-25 17:04:16', '2026-02-25 17:04:16'),
(223, 6, 54, 143, 1, '2026-02-25 17:04:16', '2026-02-25 17:04:16'),
(224, 7, 1, 1, 0, '2026-03-02 13:31:20', '2026-03-02 13:31:20'),
(225, 7, 2, 6, 0, '2026-03-02 13:31:20', '2026-03-02 13:31:20'),
(226, 7, 3, 9, 1, '2026-03-02 13:31:20', '2026-03-02 13:31:20'),
(227, 7, 4, 13, 0, '2026-03-02 13:31:20', '2026-03-02 13:31:20'),
(228, 8, 1, 4, 1, '2026-03-06 12:57:56', '2026-03-06 12:57:56'),
(229, 8, 2, 6, 0, '2026-03-06 12:57:56', '2026-03-06 12:57:56'),
(230, 8, 3, 12, 0, '2026-03-06 12:57:56', '2026-03-06 12:57:56'),
(231, 8, 4, 14, 0, '2026-03-06 12:57:56', '2026-03-06 12:57:56'),
(232, 8, 5, 18, 0, '2026-03-06 12:57:56', '2026-03-06 12:57:56'),
(233, 8, 6, 23, 1, '2026-03-06 12:57:56', '2026-03-06 12:57:56'),
(234, 8, 7, 25, 0, '2026-03-06 12:57:56', '2026-03-06 12:57:56'),
(235, 8, 8, 30, 1, '2026-03-06 12:57:56', '2026-03-06 12:57:56'),
(236, 8, 9, 35, 0, '2026-03-06 12:57:56', '2026-03-06 12:57:56'),
(237, 8, 10, 38, 1, '2026-03-06 12:57:56', '2026-03-06 12:57:56'),
(238, 8, 11, 44, 1, '2026-03-06 12:57:56', '2026-03-06 12:57:56'),
(239, 8, 12, 45, 1, '2026-03-06 12:57:56', '2026-03-06 12:57:56'),
(240, 8, 13, 52, 1, '2026-03-06 12:57:56', '2026-03-06 12:57:56'),
(241, 8, 14, 54, 0, '2026-03-06 12:57:56', '2026-03-06 12:57:56'),
(242, 8, 15, 59, 0, '2026-03-06 12:57:56', '2026-03-06 12:57:56'),
(243, 8, 16, 61, 0, '2026-03-06 12:57:56', '2026-03-06 12:57:56'),
(244, 8, 17, 68, 0, '2026-03-06 12:57:56', '2026-03-06 12:57:56'),
(245, 8, 18, 70, 0, '2026-03-06 12:57:56', '2026-03-06 12:57:56'),
(246, 8, 19, 75, 0, '2026-03-06 12:57:56', '2026-03-06 12:57:56'),
(247, 8, 20, 77, 0, '2026-03-06 12:57:56', '2026-03-06 12:57:56'),
(248, 8, 21, 83, 0, '2026-03-06 12:57:56', '2026-03-06 12:57:56'),
(249, 8, 22, 86, 0, '2026-03-06 12:57:56', '2026-03-06 12:57:56'),
(250, 8, 23, 92, 0, '2026-03-06 12:57:56', '2026-03-06 12:57:56'),
(251, 8, 24, 93, 0, '2026-03-06 12:57:56', '2026-03-06 12:57:56'),
(252, 8, 26, 97, 0, '2026-03-06 12:57:56', '2026-03-06 12:57:56'),
(253, 8, 27, 99, 1, '2026-03-06 12:57:56', '2026-03-06 12:57:56'),
(254, 8, 28, 102, 1, '2026-03-06 12:57:56', '2026-03-06 12:57:56'),
(255, 8, 29, 104, 0, '2026-03-06 12:57:56', '2026-03-06 12:57:56'),
(256, 8, 31, 105, 0, '2026-03-06 12:57:56', '2026-03-06 12:57:56'),
(257, 8, 32, 108, 0, '2026-03-06 12:57:56', '2026-03-06 12:57:56'),
(258, 8, 33, 109, 0, '2026-03-06 12:57:56', '2026-03-06 12:57:56'),
(259, 8, 34, 112, 0, '2026-03-06 12:57:56', '2026-03-06 12:57:56'),
(260, 8, 36, 113, 1, '2026-03-06 12:57:56', '2026-03-06 12:57:56'),
(261, 8, 37, 116, 1, '2026-03-06 12:57:56', '2026-03-06 12:57:56'),
(262, 8, 38, 117, 1, '2026-03-06 12:57:56', '2026-03-06 12:57:56'),
(263, 8, 39, 120, 1, '2026-03-06 12:57:56', '2026-03-06 12:57:56'),
(264, 8, 41, 121, 0, '2026-03-06 12:57:56', '2026-03-06 12:57:56'),
(265, 8, 42, 123, 0, '2026-03-06 12:57:56', '2026-03-06 12:57:56'),
(266, 8, 43, 126, 0, '2026-03-06 12:57:56', '2026-03-06 12:57:56'),
(267, 8, 44, 128, 1, '2026-03-06 12:57:56', '2026-03-06 12:57:56'),
(268, 9, 1, 4, 1, '2026-03-06 14:44:12', '2026-03-06 14:44:12'),
(269, 9, 2, 7, 1, '2026-03-06 14:44:12', '2026-03-06 14:44:12'),
(270, 9, 3, 9, 1, '2026-03-06 14:44:12', '2026-03-06 14:44:12'),
(271, 9, 4, 16, 1, '2026-03-06 14:44:12', '2026-03-06 14:44:12'),
(272, 9, 5, 20, 1, '2026-03-06 14:44:12', '2026-03-06 14:44:12'),
(273, 9, 6, 23, 1, '2026-03-06 14:44:12', '2026-03-06 14:44:12'),
(274, 9, 7, 27, 1, '2026-03-06 14:44:12', '2026-03-06 14:44:12'),
(275, 9, 8, 30, 1, '2026-03-06 14:44:12', '2026-03-06 14:44:12'),
(276, 9, 9, 33, 1, '2026-03-06 14:44:12', '2026-03-06 14:44:12'),
(277, 9, 10, 38, 1, '2026-03-06 14:44:12', '2026-03-06 14:44:12'),
(278, 9, 11, 44, 1, '2026-03-06 14:44:12', '2026-03-06 14:44:12'),
(279, 9, 12, 45, 1, '2026-03-06 14:44:12', '2026-03-06 14:44:12'),
(280, 9, 13, 52, 1, '2026-03-06 14:44:12', '2026-03-06 14:44:12'),
(281, 9, 14, 53, 1, '2026-03-06 14:44:12', '2026-03-06 14:44:12'),
(282, 9, 15, 58, 1, '2026-03-06 14:44:12', '2026-03-06 14:44:12'),
(283, 9, 16, 63, 1, '2026-03-06 14:44:12', '2026-03-06 14:44:12'),
(284, 9, 17, 65, 1, '2026-03-06 14:44:12', '2026-03-06 14:44:12'),
(285, 9, 18, 69, 1, '2026-03-06 14:44:12', '2026-03-06 14:44:12'),
(286, 9, 19, 73, 1, '2026-03-06 14:44:12', '2026-03-06 14:44:12'),
(287, 9, 20, 80, 1, '2026-03-06 14:44:12', '2026-03-06 14:44:12'),
(288, 9, 21, 84, 1, '2026-03-06 14:44:12', '2026-03-06 14:44:12'),
(289, 9, 22, 87, 1, '2026-03-06 14:44:12', '2026-03-06 14:44:12'),
(290, 9, 23, 90, 1, '2026-03-06 14:44:12', '2026-03-06 14:44:12'),
(291, 9, 24, 94, 1, '2026-03-06 14:44:12', '2026-03-06 14:44:12'),
(292, 9, 26, 98, 1, '2026-03-06 14:44:12', '2026-03-06 14:44:12'),
(293, 9, 27, 99, 1, '2026-03-06 14:44:12', '2026-03-06 14:44:12'),
(294, 9, 28, 102, 1, '2026-03-06 14:44:12', '2026-03-06 14:44:12'),
(295, 9, 29, 103, 1, '2026-03-06 14:44:12', '2026-03-06 14:44:12'),
(296, 9, 31, 106, 1, '2026-03-06 14:44:12', '2026-03-06 14:44:12'),
(297, 9, 32, 107, 1, '2026-03-06 14:44:12', '2026-03-06 14:44:12'),
(298, 9, 33, 110, 1, '2026-03-06 14:44:12', '2026-03-06 14:44:12'),
(299, 9, 34, 111, 1, '2026-03-06 14:44:12', '2026-03-06 14:44:12'),
(300, 9, 36, 113, 1, '2026-03-06 14:44:12', '2026-03-06 14:44:12'),
(301, 9, 37, 116, 1, '2026-03-06 14:44:12', '2026-03-06 14:44:12'),
(302, 9, 38, 117, 1, '2026-03-06 14:44:12', '2026-03-06 14:44:12'),
(303, 9, 39, 120, 1, '2026-03-06 14:44:12', '2026-03-06 14:44:12'),
(304, 9, 41, 122, 1, '2026-03-06 14:44:12', '2026-03-06 14:44:12'),
(305, 9, 42, 124, 1, '2026-03-06 14:44:12', '2026-03-06 14:44:12'),
(306, 9, 43, 125, 1, '2026-03-06 14:44:12', '2026-03-06 14:44:12'),
(307, 9, 44, 127, 0, '2026-03-06 14:44:12', '2026-03-06 14:44:12'),
(308, 10, 1, 4, 1, '2026-03-06 15:04:15', '2026-03-06 15:04:15'),
(309, 10, 2, 7, 1, '2026-03-06 15:04:15', '2026-03-06 15:04:15'),
(310, 10, 3, 9, 1, '2026-03-06 15:04:15', '2026-03-06 15:04:15'),
(311, 10, 4, 16, 1, '2026-03-06 15:04:15', '2026-03-06 15:04:15'),
(312, 10, 5, 20, 1, '2026-03-06 15:04:15', '2026-03-06 15:04:15'),
(313, 10, 6, 23, 1, '2026-03-06 15:04:15', '2026-03-06 15:04:15'),
(314, 10, 7, 27, 1, '2026-03-06 15:04:15', '2026-03-06 15:04:15'),
(315, 10, 8, 30, 1, '2026-03-06 15:04:15', '2026-03-06 15:04:15'),
(316, 10, 9, 33, 1, '2026-03-06 15:04:15', '2026-03-06 15:04:15'),
(317, 10, 10, 38, 1, '2026-03-06 15:04:15', '2026-03-06 15:04:15'),
(318, 10, 11, 44, 1, '2026-03-06 15:04:15', '2026-03-06 15:04:15'),
(319, 10, 12, 45, 1, '2026-03-06 15:04:15', '2026-03-06 15:04:15'),
(320, 10, 13, 52, 1, '2026-03-06 15:04:15', '2026-03-06 15:04:15'),
(321, 10, 14, 53, 1, '2026-03-06 15:04:15', '2026-03-06 15:04:15'),
(322, 10, 15, 58, 1, '2026-03-06 15:04:15', '2026-03-06 15:04:15'),
(323, 10, 16, 63, 1, '2026-03-06 15:04:15', '2026-03-06 15:04:15'),
(324, 10, 17, 65, 1, '2026-03-06 15:04:15', '2026-03-06 15:04:15'),
(325, 10, 18, 69, 1, '2026-03-06 15:04:15', '2026-03-06 15:04:15'),
(326, 10, 19, 73, 1, '2026-03-06 15:04:15', '2026-03-06 15:04:15'),
(327, 10, 20, 80, 1, '2026-03-06 15:04:15', '2026-03-06 15:04:15'),
(328, 10, 21, 84, 1, '2026-03-06 15:04:15', '2026-03-06 15:04:15'),
(329, 10, 22, 87, 1, '2026-03-06 15:04:15', '2026-03-06 15:04:15'),
(330, 10, 23, 90, 1, '2026-03-06 15:04:15', '2026-03-06 15:04:15'),
(331, 10, 24, 94, 1, '2026-03-06 15:04:15', '2026-03-06 15:04:15'),
(332, 10, 26, 98, 1, '2026-03-06 15:04:15', '2026-03-06 15:04:15'),
(333, 10, 27, 99, 1, '2026-03-06 15:04:15', '2026-03-06 15:04:15'),
(334, 10, 28, 102, 1, '2026-03-06 15:04:15', '2026-03-06 15:04:15'),
(335, 10, 29, 103, 1, '2026-03-06 15:04:15', '2026-03-06 15:04:15'),
(336, 10, 31, 106, 1, '2026-03-06 15:04:15', '2026-03-06 15:04:15'),
(337, 10, 32, 107, 1, '2026-03-06 15:04:15', '2026-03-06 15:04:15'),
(338, 10, 33, 110, 1, '2026-03-06 15:04:15', '2026-03-06 15:04:15'),
(339, 10, 34, 111, 1, '2026-03-06 15:04:15', '2026-03-06 15:04:15'),
(340, 10, 36, 113, 1, '2026-03-06 15:04:15', '2026-03-06 15:04:15'),
(341, 10, 37, 116, 1, '2026-03-06 15:04:15', '2026-03-06 15:04:15'),
(342, 10, 38, 117, 1, '2026-03-06 15:04:15', '2026-03-06 15:04:15'),
(343, 10, 39, 120, 1, '2026-03-06 15:04:15', '2026-03-06 15:04:15'),
(344, 10, 41, 122, 1, '2026-03-06 15:04:15', '2026-03-06 15:04:15'),
(345, 10, 42, 124, 1, '2026-03-06 15:04:15', '2026-03-06 15:04:15'),
(346, 10, 43, 125, 1, '2026-03-06 15:04:15', '2026-03-06 15:04:15'),
(347, 10, 44, 127, 0, '2026-03-06 15:04:15', '2026-03-06 15:04:15'),
(348, 12, 1, 2, 0, '2026-03-25 07:22:39', '2026-03-25 07:22:39'),
(349, 12, 2, 5, 0, '2026-03-25 07:22:39', '2026-03-25 07:22:39'),
(350, 12, 3, 9, 1, '2026-03-25 07:22:39', '2026-03-25 07:22:39'),
(351, 12, 4, 13, 0, '2026-03-25 07:22:39', '2026-03-25 07:22:39'),
(352, 12, 5, 18, 0, '2026-03-25 07:22:39', '2026-03-25 07:22:39'),
(353, 12, 6, 23, 1, '2026-03-25 07:22:39', '2026-03-25 07:22:39'),
(354, 12, 7, 28, 0, '2026-03-25 07:22:39', '2026-03-25 07:22:39'),
(355, 12, 8, 29, 0, '2026-03-25 07:22:39', '2026-03-25 07:22:39'),
(356, 12, 9, 34, 0, '2026-03-25 07:22:39', '2026-03-25 07:22:39'),
(357, 12, 10, 40, 0, '2026-03-25 07:22:39', '2026-03-25 07:22:39'),
(358, 12, 11, 43, 0, '2026-03-25 07:22:39', '2026-03-25 07:22:39'),
(359, 12, 12, 45, 1, '2026-03-25 07:22:39', '2026-03-25 07:22:39'),
(360, 12, 13, 51, 0, '2026-03-25 07:22:39', '2026-03-25 07:22:39'),
(361, 12, 14, 54, 0, '2026-03-25 07:22:39', '2026-03-25 07:22:39'),
(362, 12, 15, 59, 0, '2026-03-25 07:22:39', '2026-03-25 07:22:39'),
(363, 12, 16, 64, 0, '2026-03-25 07:22:39', '2026-03-25 07:22:39'),
(364, 12, 17, 67, 0, '2026-03-25 07:22:39', '2026-03-25 07:22:39'),
(365, 12, 18, 70, 0, '2026-03-25 07:22:39', '2026-03-25 07:22:39'),
(366, 12, 19, 74, 0, '2026-03-25 07:22:39', '2026-03-25 07:22:39'),
(367, 12, 20, 77, 0, '2026-03-25 07:22:39', '2026-03-25 07:22:39'),
(368, 12, 21, 82, 0, '2026-03-25 07:22:39', '2026-03-25 07:22:39'),
(369, 12, 22, 87, 1, '2026-03-25 07:22:39', '2026-03-25 07:22:39'),
(370, 12, 23, 90, 1, '2026-03-25 07:22:39', '2026-03-25 07:22:39'),
(371, 12, 24, 93, 0, '2026-03-25 07:22:39', '2026-03-25 07:22:39'),
(372, 12, 26, 98, 1, '2026-03-25 07:22:39', '2026-03-25 07:22:39'),
(373, 12, 27, 99, 1, '2026-03-25 07:22:39', '2026-03-25 07:22:39'),
(374, 12, 28, 102, 1, '2026-03-25 07:22:39', '2026-03-25 07:22:39'),
(375, 12, 29, 103, 1, '2026-03-25 07:22:39', '2026-03-25 07:22:39'),
(376, 12, 31, 105, 0, '2026-03-25 07:22:39', '2026-03-25 07:22:39'),
(377, 12, 32, 107, 1, '2026-03-25 07:22:39', '2026-03-25 07:22:39'),
(378, 12, 33, 109, 0, '2026-03-25 07:22:39', '2026-03-25 07:22:39'),
(379, 12, 34, 112, 0, '2026-03-25 07:22:39', '2026-03-25 07:22:39'),
(380, 13, 1, 4, 1, '2026-03-25 07:24:21', '2026-03-25 07:24:21'),
(381, 13, 2, 7, 1, '2026-03-25 07:24:21', '2026-03-25 07:24:21'),
(382, 13, 3, 12, 0, '2026-03-25 07:24:21', '2026-03-25 07:24:21'),
(383, 13, 4, 13, 0, '2026-03-25 07:24:21', '2026-03-25 07:24:21'),
(384, 13, 5, 18, 0, '2026-03-25 07:24:21', '2026-03-25 07:24:21'),
(385, 13, 6, 21, 0, '2026-03-25 07:24:21', '2026-03-25 07:24:21'),
(386, 13, 7, 27, 1, '2026-03-25 07:24:21', '2026-03-25 07:24:21'),
(387, 13, 8, 29, 0, '2026-03-25 07:24:21', '2026-03-25 07:24:21'),
(388, 13, 9, 34, 0, '2026-03-25 07:24:21', '2026-03-25 07:24:21'),
(389, 13, 10, 37, 0, '2026-03-25 07:24:21', '2026-03-25 07:24:21'),
(390, 13, 11, 44, 1, '2026-03-25 07:24:21', '2026-03-25 07:24:21'),
(391, 13, 12, 46, 0, '2026-03-25 07:24:21', '2026-03-25 07:24:21'),
(392, 13, 13, 51, 0, '2026-03-25 07:24:21', '2026-03-25 07:24:21'),
(393, 13, 14, 55, 0, '2026-03-25 07:24:21', '2026-03-25 07:24:21'),
(394, 13, 15, 58, 1, '2026-03-25 07:24:21', '2026-03-25 07:24:21'),
(395, 13, 16, 61, 0, '2026-03-25 07:24:21', '2026-03-25 07:24:21'),
(396, 13, 17, 65, 1, '2026-03-25 07:24:21', '2026-03-25 07:24:21'),
(397, 13, 18, 69, 1, '2026-03-25 07:24:21', '2026-03-25 07:24:21'),
(398, 13, 19, 73, 1, '2026-03-25 07:24:21', '2026-03-25 07:24:21'),
(399, 13, 20, 78, 0, '2026-03-25 07:24:21', '2026-03-25 07:24:21'),
(400, 13, 21, 81, 0, '2026-03-25 07:24:21', '2026-03-25 07:24:21'),
(401, 13, 22, 86, 0, '2026-03-25 07:24:21', '2026-03-25 07:24:21'),
(402, 13, 23, 90, 1, '2026-03-25 07:24:21', '2026-03-25 07:24:21'),
(403, 13, 24, 94, 1, '2026-03-25 07:24:21', '2026-03-25 07:24:21'),
(404, 13, 26, 97, 0, '2026-03-25 07:24:21', '2026-03-25 07:24:21'),
(405, 13, 27, 99, 1, '2026-03-25 07:24:21', '2026-03-25 07:24:21'),
(406, 13, 28, 101, 0, '2026-03-25 07:24:21', '2026-03-25 07:24:21'),
(407, 13, 29, 103, 1, '2026-03-25 07:24:21', '2026-03-25 07:24:21'),
(408, 13, 31, 106, 1, '2026-03-25 07:24:21', '2026-03-25 07:24:21'),
(409, 13, 32, 108, 0, '2026-03-25 07:24:21', '2026-03-25 07:24:21'),
(410, 13, 33, 110, 1, '2026-03-25 07:24:21', '2026-03-25 07:24:21'),
(411, 13, 34, 112, 0, '2026-03-25 07:24:21', '2026-03-25 07:24:21'),
(412, 13, 36, 113, 1, '2026-03-25 07:24:21', '2026-03-25 07:24:21'),
(413, 13, 37, 115, 0, '2026-03-25 07:24:21', '2026-03-25 07:24:21'),
(414, 13, 38, 118, 0, '2026-03-25 07:24:21', '2026-03-25 07:24:21'),
(415, 13, 39, 120, 1, '2026-03-25 07:24:21', '2026-03-25 07:24:21'),
(416, 13, 41, 122, 1, '2026-03-25 07:24:21', '2026-03-25 07:24:21'),
(417, 13, 42, 124, 1, '2026-03-25 07:24:21', '2026-03-25 07:24:21'),
(418, 13, 43, 125, 1, '2026-03-25 07:24:21', '2026-03-25 07:24:21'),
(419, 13, 44, 127, 0, '2026-03-25 07:24:21', '2026-03-25 07:24:21'),
(420, 14, 1, 2, 0, '2026-03-25 07:24:29', '2026-03-25 07:24:29'),
(421, 14, 2, 7, 1, '2026-03-25 07:24:29', '2026-03-25 07:24:29'),
(422, 14, 3, 12, 0, '2026-03-25 07:24:29', '2026-03-25 07:24:29'),
(423, 14, 4, 13, 0, '2026-03-25 07:24:29', '2026-03-25 07:24:29'),
(424, 14, 5, 17, 0, '2026-03-25 07:24:29', '2026-03-25 07:24:29'),
(425, 14, 6, 21, 0, '2026-03-25 07:24:29', '2026-03-25 07:24:29'),
(426, 14, 7, 28, 0, '2026-03-25 07:24:29', '2026-03-25 07:24:29'),
(427, 14, 8, 31, 0, '2026-03-25 07:24:29', '2026-03-25 07:24:29'),
(428, 14, 9, 34, 0, '2026-03-25 07:24:29', '2026-03-25 07:24:29'),
(429, 14, 10, 38, 1, '2026-03-25 07:24:29', '2026-03-25 07:24:29'),
(430, 14, 11, 42, 0, '2026-03-25 07:24:29', '2026-03-25 07:24:29'),
(431, 14, 12, 45, 1, '2026-03-25 07:24:29', '2026-03-25 07:24:29'),
(432, 14, 13, 49, 0, '2026-03-25 07:24:29', '2026-03-25 07:24:29'),
(433, 14, 14, 54, 0, '2026-03-25 07:24:29', '2026-03-25 07:24:29'),
(434, 14, 15, 57, 0, '2026-03-25 07:24:29', '2026-03-25 07:24:29'),
(435, 14, 16, 64, 0, '2026-03-25 07:24:29', '2026-03-25 07:24:29'),
(436, 14, 17, 66, 0, '2026-03-25 07:24:29', '2026-03-25 07:24:29'),
(437, 14, 18, 70, 0, '2026-03-25 07:24:29', '2026-03-25 07:24:29'),
(438, 14, 19, 76, 0, '2026-03-25 07:24:29', '2026-03-25 07:24:29'),
(439, 14, 20, 79, 0, '2026-03-25 07:24:29', '2026-03-25 07:24:29'),
(440, 14, 21, 83, 0, '2026-03-25 07:24:29', '2026-03-25 07:24:29'),
(441, 14, 22, 87, 1, '2026-03-25 07:24:29', '2026-03-25 07:24:29'),
(442, 14, 23, 91, 0, '2026-03-25 07:24:29', '2026-03-25 07:24:29'),
(443, 14, 24, 94, 1, '2026-03-25 07:24:29', '2026-03-25 07:24:29'),
(444, 14, 26, 97, 0, '2026-03-25 07:24:29', '2026-03-25 07:24:29'),
(445, 14, 27, 99, 1, '2026-03-25 07:24:29', '2026-03-25 07:24:29'),
(446, 14, 28, 102, 1, '2026-03-25 07:24:29', '2026-03-25 07:24:29'),
(447, 14, 29, 104, 0, '2026-03-25 07:24:29', '2026-03-25 07:24:29'),
(448, 14, 31, 105, 0, '2026-03-25 07:24:29', '2026-03-25 07:24:29'),
(449, 14, 32, 108, 0, '2026-03-25 07:24:29', '2026-03-25 07:24:29'),
(450, 14, 33, 109, 0, '2026-03-25 07:24:29', '2026-03-25 07:24:29'),
(451, 14, 34, 112, 0, '2026-03-25 07:24:29', '2026-03-25 07:24:29'),
(452, 14, 36, 113, 1, '2026-03-25 07:24:29', '2026-03-25 07:24:29'),
(453, 14, 37, 115, 0, '2026-03-25 07:24:29', '2026-03-25 07:24:29'),
(454, 14, 38, 117, 1, '2026-03-25 07:24:29', '2026-03-25 07:24:29'),
(455, 14, 39, 120, 1, '2026-03-25 07:24:29', '2026-03-25 07:24:29'),
(456, 14, 41, 121, 0, '2026-03-25 07:24:29', '2026-03-25 07:24:29'),
(457, 14, 42, 124, 1, '2026-03-25 07:24:29', '2026-03-25 07:24:29'),
(458, 14, 43, 126, 0, '2026-03-25 07:24:29', '2026-03-25 07:24:29'),
(459, 14, 44, 127, 0, '2026-03-25 07:24:29', '2026-03-25 07:24:29'),
(460, 15, 1, 2, 0, '2026-03-25 07:24:29', '2026-03-25 07:24:29'),
(461, 15, 2, 7, 1, '2026-03-25 07:24:29', '2026-03-25 07:24:29'),
(462, 15, 3, 10, 0, '2026-03-25 07:24:29', '2026-03-25 07:24:29'),
(463, 15, 4, 15, 0, '2026-03-25 07:24:29', '2026-03-25 07:24:29'),
(464, 15, 5, 18, 0, '2026-03-25 07:24:29', '2026-03-25 07:24:29'),
(465, 15, 6, 23, 1, '2026-03-25 07:24:29', '2026-03-25 07:24:29'),
(466, 15, 7, 25, 0, '2026-03-25 07:24:29', '2026-03-25 07:24:29'),
(467, 15, 8, 31, 0, '2026-03-25 07:24:29', '2026-03-25 07:24:29'),
(468, 15, 9, 33, 1, '2026-03-25 07:24:29', '2026-03-25 07:24:29'),
(469, 15, 10, 40, 0, '2026-03-25 07:24:29', '2026-03-25 07:24:29'),
(470, 15, 11, 43, 0, '2026-03-25 07:24:29', '2026-03-25 07:24:29'),
(471, 15, 12, 45, 1, '2026-03-25 07:24:29', '2026-03-25 07:24:29'),
(472, 15, 13, 50, 0, '2026-03-25 07:24:29', '2026-03-25 07:24:29'),
(473, 15, 14, 55, 0, '2026-03-25 07:24:29', '2026-03-25 07:24:29'),
(474, 15, 15, 57, 0, '2026-03-25 07:24:29', '2026-03-25 07:24:29'),
(475, 15, 16, 62, 0, '2026-03-25 07:24:29', '2026-03-25 07:24:29'),
(476, 15, 17, 65, 1, '2026-03-25 07:24:29', '2026-03-25 07:24:29'),
(477, 15, 18, 69, 1, '2026-03-25 07:24:29', '2026-03-25 07:24:29'),
(478, 15, 19, 76, 0, '2026-03-25 07:24:29', '2026-03-25 07:24:29'),
(479, 15, 20, 78, 0, '2026-03-25 07:24:29', '2026-03-25 07:24:29'),
(480, 15, 21, 81, 0, '2026-03-25 07:24:29', '2026-03-25 07:24:29'),
(481, 15, 22, 86, 0, '2026-03-25 07:24:29', '2026-03-25 07:24:29'),
(482, 15, 23, 91, 0, '2026-03-25 07:24:29', '2026-03-25 07:24:29'),
(483, 15, 24, 96, 0, '2026-03-25 07:24:29', '2026-03-25 07:24:29'),
(484, 15, 26, 97, 0, '2026-03-25 07:24:29', '2026-03-25 07:24:29'),
(485, 15, 27, 99, 1, '2026-03-25 07:24:29', '2026-03-25 07:24:29'),
(486, 15, 28, 101, 0, '2026-03-25 07:24:29', '2026-03-25 07:24:29'),
(487, 15, 29, 103, 1, '2026-03-25 07:24:29', '2026-03-25 07:24:29'),
(488, 15, 31, 106, 1, '2026-03-25 07:24:29', '2026-03-25 07:24:29'),
(489, 15, 32, 108, 0, '2026-03-25 07:24:29', '2026-03-25 07:24:29'),
(490, 15, 33, 110, 1, '2026-03-25 07:24:29', '2026-03-25 07:24:29'),
(491, 15, 34, 112, 0, '2026-03-25 07:24:29', '2026-03-25 07:24:29'),
(492, 15, 46, 129, 1, '2026-03-25 07:24:29', '2026-03-25 07:24:29'),
(493, 15, 47, 131, 1, '2026-03-25 07:24:29', '2026-03-25 07:24:29'),
(494, 15, 48, 133, 0, '2026-03-25 07:24:29', '2026-03-25 07:24:29'),
(495, 15, 49, 135, 0, '2026-03-25 07:24:29', '2026-03-25 07:24:29'),
(496, 15, 51, 138, 0, '2026-03-25 07:24:29', '2026-03-25 07:24:29'),
(497, 15, 52, 140, 1, '2026-03-25 07:24:29', '2026-03-25 07:24:29'),
(498, 15, 53, 142, 1, '2026-03-25 07:24:29', '2026-03-25 07:24:29'),
(499, 15, 54, 144, 0, '2026-03-25 07:24:29', '2026-03-25 07:24:29'),
(500, 16, 1, 2, 0, '2026-03-25 07:27:07', '2026-03-25 07:27:07'),
(501, 16, 2, 7, 1, '2026-03-25 07:27:07', '2026-03-25 07:27:07'),
(502, 16, 3, 12, 0, '2026-03-25 07:27:07', '2026-03-25 07:27:07'),
(503, 16, 4, 16, 1, '2026-03-25 07:27:07', '2026-03-25 07:27:07'),
(504, 16, 5, 17, 0, '2026-03-25 07:27:07', '2026-03-25 07:27:07'),
(505, 16, 6, 24, 0, '2026-03-25 07:27:07', '2026-03-25 07:27:07'),
(506, 16, 7, 27, 1, '2026-03-25 07:27:07', '2026-03-25 07:27:07'),
(507, 16, 8, 29, 0, '2026-03-25 07:27:07', '2026-03-25 07:27:07'),
(508, 16, 9, 35, 0, '2026-03-25 07:27:07', '2026-03-25 07:27:07'),
(509, 16, 10, 39, 0, '2026-03-25 07:27:07', '2026-03-25 07:27:07'),
(510, 16, 11, 42, 0, '2026-03-25 07:27:07', '2026-03-25 07:27:07'),
(511, 16, 12, 45, 1, '2026-03-25 07:27:07', '2026-03-25 07:27:07'),
(512, 16, 13, 50, 0, '2026-03-25 07:27:07', '2026-03-25 07:27:07'),
(513, 16, 14, 53, 1, '2026-03-25 07:27:07', '2026-03-25 07:27:07'),
(514, 16, 15, 58, 1, '2026-03-25 07:27:07', '2026-03-25 07:27:07'),
(515, 16, 16, 63, 1, '2026-03-25 07:27:07', '2026-03-25 07:27:07'),
(516, 16, 17, 65, 1, '2026-03-25 07:27:07', '2026-03-25 07:27:07'),
(517, 16, 18, 69, 1, '2026-03-25 07:27:07', '2026-03-25 07:27:07'),
(518, 16, 19, 73, 1, '2026-03-25 07:27:07', '2026-03-25 07:27:07'),
(519, 16, 20, 80, 1, '2026-03-25 07:27:07', '2026-03-25 07:27:07'),
(520, 16, 21, 81, 0, '2026-03-25 07:27:07', '2026-03-25 07:27:07'),
(521, 16, 22, 87, 1, '2026-03-25 07:27:07', '2026-03-25 07:27:07'),
(522, 16, 23, 90, 1, '2026-03-25 07:27:07', '2026-03-25 07:27:07'),
(523, 16, 24, 93, 0, '2026-03-25 07:27:07', '2026-03-25 07:27:07'),
(524, 16, 26, 97, 0, '2026-03-25 07:27:07', '2026-03-25 07:27:07'),
(525, 16, 27, 99, 1, '2026-03-25 07:27:07', '2026-03-25 07:27:07'),
(526, 16, 28, 102, 1, '2026-03-25 07:27:07', '2026-03-25 07:27:07'),
(527, 16, 29, 103, 1, '2026-03-25 07:27:07', '2026-03-25 07:27:07'),
(528, 16, 31, 106, 1, '2026-03-25 07:27:07', '2026-03-25 07:27:07'),
(529, 16, 32, 107, 1, '2026-03-25 07:27:07', '2026-03-25 07:27:07'),
(530, 16, 33, 109, 0, '2026-03-25 07:27:07', '2026-03-25 07:27:07'),
(531, 16, 34, 111, 1, '2026-03-25 07:27:07', '2026-03-25 07:27:07'),
(532, 17, 1, 4, 1, '2026-03-25 07:27:29', '2026-03-25 07:27:29'),
(533, 17, 2, 7, 1, '2026-03-25 07:27:29', '2026-03-25 07:27:29'),
(534, 17, 3, 9, 1, '2026-03-25 07:27:29', '2026-03-25 07:27:29'),
(535, 17, 4, 16, 1, '2026-03-25 07:27:29', '2026-03-25 07:27:29'),
(536, 17, 5, 20, 1, '2026-03-25 07:27:29', '2026-03-25 07:27:29'),
(537, 17, 6, 23, 1, '2026-03-25 07:27:29', '2026-03-25 07:27:29'),
(538, 17, 7, 27, 1, '2026-03-25 07:27:29', '2026-03-25 07:27:29'),
(539, 17, 8, 30, 1, '2026-03-25 07:27:29', '2026-03-25 07:27:29'),
(540, 17, 9, 33, 1, '2026-03-25 07:27:29', '2026-03-25 07:27:29'),
(541, 17, 10, 38, 1, '2026-03-25 07:27:29', '2026-03-25 07:27:29'),
(542, 17, 11, 42, 0, '2026-03-25 07:27:29', '2026-03-25 07:27:29'),
(543, 17, 12, 45, 1, '2026-03-25 07:27:29', '2026-03-25 07:27:29'),
(544, 17, 13, 52, 1, '2026-03-25 07:27:29', '2026-03-25 07:27:29'),
(545, 17, 14, 53, 1, '2026-03-25 07:27:29', '2026-03-25 07:27:29'),
(546, 17, 15, 58, 1, '2026-03-25 07:27:29', '2026-03-25 07:27:29'),
(547, 17, 16, 63, 1, '2026-03-25 07:27:29', '2026-03-25 07:27:29'),
(548, 17, 17, 65, 1, '2026-03-25 07:27:29', '2026-03-25 07:27:29'),
(549, 17, 18, 69, 1, '2026-03-25 07:27:29', '2026-03-25 07:27:29'),
(550, 17, 19, 73, 1, '2026-03-25 07:27:29', '2026-03-25 07:27:29'),
(551, 17, 20, 80, 1, '2026-03-25 07:27:29', '2026-03-25 07:27:29'),
(552, 17, 21, 84, 1, '2026-03-25 07:27:29', '2026-03-25 07:27:29'),
(553, 17, 22, 87, 1, '2026-03-25 07:27:29', '2026-03-25 07:27:29'),
(554, 17, 23, 90, 1, '2026-03-25 07:27:29', '2026-03-25 07:27:29'),
(555, 17, 24, 94, 1, '2026-03-25 07:27:29', '2026-03-25 07:27:29'),
(556, 17, 26, 98, 1, '2026-03-25 07:27:29', '2026-03-25 07:27:29'),
(557, 17, 27, 99, 1, '2026-03-25 07:27:29', '2026-03-25 07:27:29'),
(558, 17, 28, 102, 1, '2026-03-25 07:27:29', '2026-03-25 07:27:29'),
(559, 17, 29, 103, 1, '2026-03-25 07:27:29', '2026-03-25 07:27:29'),
(560, 17, 31, 106, 1, '2026-03-25 07:27:29', '2026-03-25 07:27:29'),
(561, 17, 32, 107, 1, '2026-03-25 07:27:29', '2026-03-25 07:27:29'),
(562, 17, 33, 110, 1, '2026-03-25 07:27:29', '2026-03-25 07:27:29'),
(563, 17, 34, 111, 1, '2026-03-25 07:27:29', '2026-03-25 07:27:29'),
(564, 18, 1, 4, 1, '2026-03-25 07:27:35', '2026-03-25 07:27:35'),
(565, 18, 2, 7, 1, '2026-03-25 07:27:35', '2026-03-25 07:27:35'),
(566, 18, 3, 9, 1, '2026-03-25 07:27:35', '2026-03-25 07:27:35'),
(567, 18, 4, 14, 0, '2026-03-25 07:27:35', '2026-03-25 07:27:35'),
(568, 18, 5, 20, 1, '2026-03-25 07:27:35', '2026-03-25 07:27:35'),
(569, 18, 6, 22, 0, '2026-03-25 07:27:35', '2026-03-25 07:27:35'),
(570, 18, 7, 27, 1, '2026-03-25 07:27:35', '2026-03-25 07:27:35'),
(571, 18, 8, 30, 1, '2026-03-25 07:27:35', '2026-03-25 07:27:35'),
(572, 18, 9, 35, 0, '2026-03-25 07:27:35', '2026-03-25 07:27:35'),
(573, 18, 10, 38, 1, '2026-03-25 07:27:35', '2026-03-25 07:27:35'),
(574, 18, 11, 44, 1, '2026-03-25 07:27:35', '2026-03-25 07:27:35'),
(575, 18, 12, 45, 1, '2026-03-25 07:27:35', '2026-03-25 07:27:35'),
(576, 18, 13, 52, 1, '2026-03-25 07:27:35', '2026-03-25 07:27:35'),
(577, 18, 14, 53, 1, '2026-03-25 07:27:35', '2026-03-25 07:27:35'),
(578, 18, 15, 57, 0, '2026-03-25 07:27:35', '2026-03-25 07:27:35'),
(579, 18, 16, 63, 1, '2026-03-25 07:27:35', '2026-03-25 07:27:35'),
(580, 18, 17, 65, 1, '2026-03-25 07:27:35', '2026-03-25 07:27:35'),
(581, 18, 18, 71, 0, '2026-03-25 07:27:35', '2026-03-25 07:27:35'),
(582, 18, 19, 73, 1, '2026-03-25 07:27:35', '2026-03-25 07:27:35'),
(583, 18, 20, 80, 1, '2026-03-25 07:27:36', '2026-03-25 07:27:36'),
(584, 18, 21, 81, 0, '2026-03-25 07:27:36', '2026-03-25 07:27:36'),
(585, 18, 22, 87, 1, '2026-03-25 07:27:36', '2026-03-25 07:27:36'),
(586, 18, 23, 90, 1, '2026-03-25 07:27:36', '2026-03-25 07:27:36'),
(587, 18, 24, 93, 0, '2026-03-25 07:27:36', '2026-03-25 07:27:36'),
(588, 18, 26, 98, 1, '2026-03-25 07:27:36', '2026-03-25 07:27:36'),
(589, 18, 27, 99, 1, '2026-03-25 07:27:36', '2026-03-25 07:27:36'),
(590, 18, 28, 102, 1, '2026-03-25 07:27:36', '2026-03-25 07:27:36'),
(591, 18, 29, 103, 1, '2026-03-25 07:27:36', '2026-03-25 07:27:36'),
(592, 18, 31, 105, 0, '2026-03-25 07:27:36', '2026-03-25 07:27:36'),
(593, 18, 32, 107, 1, '2026-03-25 07:27:36', '2026-03-25 07:27:36'),
(594, 18, 33, 109, 0, '2026-03-25 07:27:36', '2026-03-25 07:27:36'),
(595, 18, 34, 111, 1, '2026-03-25 07:27:36', '2026-03-25 07:27:36'),
(596, 19, 1, 4, 1, '2026-03-25 07:28:01', '2026-03-25 07:28:01'),
(597, 19, 2, 7, 1, '2026-03-25 07:28:01', '2026-03-25 07:28:01'),
(598, 19, 3, 9, 1, '2026-03-25 07:28:01', '2026-03-25 07:28:01'),
(599, 19, 4, 16, 1, '2026-03-25 07:28:01', '2026-03-25 07:28:01'),
(600, 19, 5, 20, 1, '2026-03-25 07:28:01', '2026-03-25 07:28:01'),
(601, 19, 6, 23, 1, '2026-03-25 07:28:01', '2026-03-25 07:28:01'),
(602, 19, 7, 27, 1, '2026-03-25 07:28:01', '2026-03-25 07:28:01'),
(603, 19, 8, 30, 1, '2026-03-25 07:28:01', '2026-03-25 07:28:01'),
(604, 19, 9, 33, 1, '2026-03-25 07:28:01', '2026-03-25 07:28:01'),
(605, 19, 10, 38, 1, '2026-03-25 07:28:01', '2026-03-25 07:28:01'),
(606, 19, 11, 42, 0, '2026-03-25 07:28:01', '2026-03-25 07:28:01'),
(607, 19, 12, 45, 1, '2026-03-25 07:28:01', '2026-03-25 07:28:01'),
(608, 19, 13, 52, 1, '2026-03-25 07:28:01', '2026-03-25 07:28:01'),
(609, 19, 14, 53, 1, '2026-03-25 07:28:01', '2026-03-25 07:28:01'),
(610, 19, 15, 58, 1, '2026-03-25 07:28:01', '2026-03-25 07:28:01'),
(611, 19, 16, 63, 1, '2026-03-25 07:28:01', '2026-03-25 07:28:01'),
(612, 19, 17, 65, 1, '2026-03-25 07:28:01', '2026-03-25 07:28:01'),
(613, 19, 18, 69, 1, '2026-03-25 07:28:01', '2026-03-25 07:28:01'),
(614, 19, 19, 73, 1, '2026-03-25 07:28:01', '2026-03-25 07:28:01'),
(615, 19, 20, 80, 1, '2026-03-25 07:28:01', '2026-03-25 07:28:01'),
(616, 19, 21, 84, 1, '2026-03-25 07:28:01', '2026-03-25 07:28:01'),
(617, 19, 22, 87, 1, '2026-03-25 07:28:01', '2026-03-25 07:28:01'),
(618, 19, 23, 90, 1, '2026-03-25 07:28:01', '2026-03-25 07:28:01'),
(619, 19, 24, 94, 1, '2026-03-25 07:28:01', '2026-03-25 07:28:01'),
(620, 19, 26, 98, 1, '2026-03-25 07:28:01', '2026-03-25 07:28:01'),
(621, 19, 27, 99, 1, '2026-03-25 07:28:01', '2026-03-25 07:28:01'),
(622, 19, 28, 102, 1, '2026-03-25 07:28:01', '2026-03-25 07:28:01'),
(623, 19, 29, 103, 1, '2026-03-25 07:28:01', '2026-03-25 07:28:01'),
(624, 19, 31, 106, 1, '2026-03-25 07:28:01', '2026-03-25 07:28:01'),
(625, 19, 32, 107, 1, '2026-03-25 07:28:01', '2026-03-25 07:28:01'),
(626, 19, 33, 110, 1, '2026-03-25 07:28:01', '2026-03-25 07:28:01'),
(627, 19, 34, 111, 1, '2026-03-25 07:28:01', '2026-03-25 07:28:01'),
(628, 20, 1, 4, 1, '2026-03-25 07:28:12', '2026-03-25 07:28:12'),
(629, 20, 2, 7, 1, '2026-03-25 07:28:12', '2026-03-25 07:28:12'),
(630, 20, 3, 9, 1, '2026-03-25 07:28:12', '2026-03-25 07:28:12'),
(631, 20, 4, 16, 1, '2026-03-25 07:28:12', '2026-03-25 07:28:12'),
(632, 20, 5, 20, 1, '2026-03-25 07:28:12', '2026-03-25 07:28:12'),
(633, 20, 6, 23, 1, '2026-03-25 07:28:12', '2026-03-25 07:28:12'),
(634, 20, 7, 27, 1, '2026-03-25 07:28:12', '2026-03-25 07:28:12'),
(635, 20, 8, 30, 1, '2026-03-25 07:28:12', '2026-03-25 07:28:12'),
(636, 20, 9, 33, 1, '2026-03-25 07:28:12', '2026-03-25 07:28:12'),
(637, 20, 10, 38, 1, '2026-03-25 07:28:12', '2026-03-25 07:28:12'),
(638, 20, 11, 42, 0, '2026-03-25 07:28:12', '2026-03-25 07:28:12'),
(639, 20, 12, 45, 1, '2026-03-25 07:28:12', '2026-03-25 07:28:12'),
(640, 20, 13, 52, 1, '2026-03-25 07:28:12', '2026-03-25 07:28:12'),
(641, 20, 14, 53, 1, '2026-03-25 07:28:12', '2026-03-25 07:28:12'),
(642, 20, 15, 58, 1, '2026-03-25 07:28:12', '2026-03-25 07:28:12'),
(643, 20, 16, 63, 1, '2026-03-25 07:28:12', '2026-03-25 07:28:12'),
(644, 20, 17, 65, 1, '2026-03-25 07:28:12', '2026-03-25 07:28:12'),
(645, 20, 18, 69, 1, '2026-03-25 07:28:12', '2026-03-25 07:28:12'),
(646, 20, 19, 73, 1, '2026-03-25 07:28:12', '2026-03-25 07:28:12'),
(647, 20, 20, 80, 1, '2026-03-25 07:28:12', '2026-03-25 07:28:12'),
(648, 20, 21, 84, 1, '2026-03-25 07:28:12', '2026-03-25 07:28:12'),
(649, 20, 22, 87, 1, '2026-03-25 07:28:12', '2026-03-25 07:28:12'),
(650, 20, 23, 90, 1, '2026-03-25 07:28:12', '2026-03-25 07:28:12'),
(651, 20, 24, 94, 1, '2026-03-25 07:28:12', '2026-03-25 07:28:12'),
(652, 20, 26, 98, 1, '2026-03-25 07:28:12', '2026-03-25 07:28:12'),
(653, 20, 27, 99, 1, '2026-03-25 07:28:12', '2026-03-25 07:28:12'),
(654, 20, 28, 102, 1, '2026-03-25 07:28:12', '2026-03-25 07:28:12'),
(655, 20, 29, 103, 1, '2026-03-25 07:28:12', '2026-03-25 07:28:12'),
(656, 20, 31, 106, 1, '2026-03-25 07:28:12', '2026-03-25 07:28:12'),
(657, 20, 32, 107, 1, '2026-03-25 07:28:12', '2026-03-25 07:28:12'),
(658, 20, 33, 110, 1, '2026-03-25 07:28:12', '2026-03-25 07:28:12'),
(659, 20, 34, 111, 1, '2026-03-25 07:28:12', '2026-03-25 07:28:12'),
(660, 21, 1, 2, 0, '2026-03-25 07:28:56', '2026-03-25 07:28:56'),
(661, 21, 2, 7, 1, '2026-03-25 07:28:56', '2026-03-25 07:28:56'),
(662, 21, 3, 9, 1, '2026-03-25 07:28:56', '2026-03-25 07:28:56'),
(663, 21, 4, 16, 1, '2026-03-25 07:28:56', '2026-03-25 07:28:56'),
(664, 21, 5, 18, 0, '2026-03-25 07:28:56', '2026-03-25 07:28:56'),
(665, 21, 6, 21, 0, '2026-03-25 07:28:56', '2026-03-25 07:28:56'),
(666, 21, 7, 28, 0, '2026-03-25 07:28:56', '2026-03-25 07:28:56'),
(667, 21, 8, 32, 0, '2026-03-25 07:28:56', '2026-03-25 07:28:56'),
(668, 21, 9, 35, 0, '2026-03-25 07:28:56', '2026-03-25 07:28:56'),
(669, 21, 10, 38, 1, '2026-03-25 07:28:56', '2026-03-25 07:28:56'),
(670, 21, 11, 44, 1, '2026-03-25 07:28:56', '2026-03-25 07:28:56'),
(671, 21, 12, 45, 1, '2026-03-25 07:28:56', '2026-03-25 07:28:56'),
(672, 21, 13, 49, 0, '2026-03-25 07:28:56', '2026-03-25 07:28:56'),
(673, 21, 14, 53, 1, '2026-03-25 07:28:56', '2026-03-25 07:28:56'),
(674, 21, 15, 57, 0, '2026-03-25 07:28:56', '2026-03-25 07:28:56'),
(675, 21, 16, 63, 1, '2026-03-25 07:28:56', '2026-03-25 07:28:56'),
(676, 21, 17, 65, 1, '2026-03-25 07:28:56', '2026-03-25 07:28:56'),
(677, 21, 18, 69, 1, '2026-03-25 07:28:56', '2026-03-25 07:28:56'),
(678, 21, 19, 73, 1, '2026-03-25 07:28:56', '2026-03-25 07:28:56'),
(679, 21, 20, 80, 1, '2026-03-25 07:28:56', '2026-03-25 07:28:56'),
(680, 21, 21, 81, 0, '2026-03-25 07:28:56', '2026-03-25 07:28:56'),
(681, 21, 22, 87, 1, '2026-03-25 07:28:56', '2026-03-25 07:28:56'),
(682, 21, 23, 90, 1, '2026-03-25 07:28:56', '2026-03-25 07:28:56'),
(683, 21, 24, 96, 0, '2026-03-25 07:28:56', '2026-03-25 07:28:56'),
(684, 21, 26, 98, 1, '2026-03-25 07:28:56', '2026-03-25 07:28:56'),
(685, 21, 27, 99, 1, '2026-03-25 07:28:56', '2026-03-25 07:28:56'),
(686, 21, 28, 102, 1, '2026-03-25 07:28:56', '2026-03-25 07:28:56'),
(687, 21, 29, 103, 1, '2026-03-25 07:28:56', '2026-03-25 07:28:56'),
(688, 21, 31, 106, 1, '2026-03-25 07:28:56', '2026-03-25 07:28:56'),
(689, 21, 32, 107, 1, '2026-03-25 07:28:56', '2026-03-25 07:28:56'),
(690, 21, 33, 109, 0, '2026-03-25 07:28:56', '2026-03-25 07:28:56'),
(691, 21, 34, 112, 0, '2026-03-25 07:28:56', '2026-03-25 07:28:56'),
(692, 21, 46, 129, 1, '2026-03-25 07:28:56', '2026-03-25 07:28:56'),
(693, 21, 47, 131, 1, '2026-03-25 07:28:56', '2026-03-25 07:28:56'),
(694, 21, 48, 133, 0, '2026-03-25 07:28:56', '2026-03-25 07:28:56'),
(695, 21, 49, 136, 1, '2026-03-25 07:28:56', '2026-03-25 07:28:56'),
(696, 21, 51, 138, 0, '2026-03-25 07:28:56', '2026-03-25 07:28:56'),
(697, 21, 52, 139, 0, '2026-03-25 07:28:56', '2026-03-25 07:28:56'),
(698, 21, 53, 141, 0, '2026-03-25 07:28:56', '2026-03-25 07:28:56'),
(699, 21, 54, 143, 1, '2026-03-25 07:28:56', '2026-03-25 07:28:56'),
(700, 22, 1, 4, 1, '2026-03-25 07:29:25', '2026-03-25 07:29:25'),
(701, 22, 2, 8, 0, '2026-03-25 07:29:25', '2026-03-25 07:29:25'),
(702, 22, 3, 9, 1, '2026-03-25 07:29:25', '2026-03-25 07:29:25'),
(703, 22, 4, 16, 1, '2026-03-25 07:29:25', '2026-03-25 07:29:25'),
(704, 22, 5, 20, 1, '2026-03-25 07:29:25', '2026-03-25 07:29:25'),
(705, 22, 6, 23, 1, '2026-03-25 07:29:25', '2026-03-25 07:29:25'),
(706, 22, 7, 27, 1, '2026-03-25 07:29:25', '2026-03-25 07:29:25'),
(707, 22, 8, 30, 1, '2026-03-25 07:29:25', '2026-03-25 07:29:25'),
(708, 22, 9, 33, 1, '2026-03-25 07:29:25', '2026-03-25 07:29:25'),
(709, 22, 10, 38, 1, '2026-03-25 07:29:25', '2026-03-25 07:29:25'),
(710, 22, 11, 42, 0, '2026-03-25 07:29:26', '2026-03-25 07:29:26'),
(711, 22, 12, 45, 1, '2026-03-25 07:29:26', '2026-03-25 07:29:26'),
(712, 22, 13, 52, 1, '2026-03-25 07:29:26', '2026-03-25 07:29:26'),
(713, 22, 14, 53, 1, '2026-03-25 07:29:26', '2026-03-25 07:29:26'),
(714, 22, 15, 58, 1, '2026-03-25 07:29:26', '2026-03-25 07:29:26'),
(715, 22, 16, 64, 0, '2026-03-25 07:29:26', '2026-03-25 07:29:26'),
(716, 22, 17, 65, 1, '2026-03-25 07:29:26', '2026-03-25 07:29:26'),
(717, 22, 18, 69, 1, '2026-03-25 07:29:26', '2026-03-25 07:29:26'),
(718, 22, 19, 73, 1, '2026-03-25 07:29:26', '2026-03-25 07:29:26'),
(719, 22, 20, 80, 1, '2026-03-25 07:29:26', '2026-03-25 07:29:26'),
(720, 22, 21, 84, 1, '2026-03-25 07:29:26', '2026-03-25 07:29:26'),
(721, 22, 22, 87, 1, '2026-03-25 07:29:26', '2026-03-25 07:29:26'),
(722, 22, 23, 92, 0, '2026-03-25 07:29:26', '2026-03-25 07:29:26'),
(723, 22, 24, 96, 0, '2026-03-25 07:29:26', '2026-03-25 07:29:26'),
(724, 22, 26, 97, 0, '2026-03-25 07:29:26', '2026-03-25 07:29:26'),
(725, 22, 27, 100, 0, '2026-03-25 07:29:26', '2026-03-25 07:29:26'),
(726, 22, 28, 101, 0, '2026-03-25 07:29:26', '2026-03-25 07:29:26'),
(727, 22, 29, 104, 0, '2026-03-25 07:29:26', '2026-03-25 07:29:26'),
(728, 22, 31, 105, 0, '2026-03-25 07:29:26', '2026-03-25 07:29:26'),
(729, 22, 32, 107, 1, '2026-03-25 07:29:26', '2026-03-25 07:29:26'),
(730, 22, 33, 109, 0, '2026-03-25 07:29:26', '2026-03-25 07:29:26'),
(731, 22, 34, 112, 0, '2026-03-25 07:29:26', '2026-03-25 07:29:26'),
(732, 23, 1, 4, 1, '2026-03-25 07:29:29', '2026-03-25 07:29:29'),
(733, 23, 2, 7, 1, '2026-03-25 07:29:29', '2026-03-25 07:29:29'),
(734, 23, 3, 9, 1, '2026-03-25 07:29:29', '2026-03-25 07:29:29'),
(735, 23, 4, 16, 1, '2026-03-25 07:29:29', '2026-03-25 07:29:29'),
(736, 23, 5, 20, 1, '2026-03-25 07:29:29', '2026-03-25 07:29:29'),
(737, 23, 6, 23, 1, '2026-03-25 07:29:29', '2026-03-25 07:29:29'),
(738, 23, 7, 27, 1, '2026-03-25 07:29:29', '2026-03-25 07:29:29'),
(739, 23, 8, 30, 1, '2026-03-25 07:29:29', '2026-03-25 07:29:29'),
(740, 23, 9, 33, 1, '2026-03-25 07:29:29', '2026-03-25 07:29:29'),
(741, 23, 10, 38, 1, '2026-03-25 07:29:29', '2026-03-25 07:29:29'),
(742, 23, 11, 42, 0, '2026-03-25 07:29:29', '2026-03-25 07:29:29'),
(743, 23, 12, 45, 1, '2026-03-25 07:29:29', '2026-03-25 07:29:29'),
(744, 23, 13, 52, 1, '2026-03-25 07:29:29', '2026-03-25 07:29:29'),
(745, 23, 14, 53, 1, '2026-03-25 07:29:29', '2026-03-25 07:29:29'),
(746, 23, 15, 58, 1, '2026-03-25 07:29:29', '2026-03-25 07:29:29'),
(747, 23, 16, 63, 1, '2026-03-25 07:29:29', '2026-03-25 07:29:29'),
(748, 23, 17, 65, 1, '2026-03-25 07:29:29', '2026-03-25 07:29:29'),
(749, 23, 18, 69, 1, '2026-03-25 07:29:29', '2026-03-25 07:29:29'),
(750, 23, 19, 73, 1, '2026-03-25 07:29:29', '2026-03-25 07:29:29'),
(751, 23, 20, 80, 1, '2026-03-25 07:29:29', '2026-03-25 07:29:29'),
(752, 23, 21, 84, 1, '2026-03-25 07:29:29', '2026-03-25 07:29:29'),
(753, 23, 22, 87, 1, '2026-03-25 07:29:29', '2026-03-25 07:29:29'),
(754, 23, 23, 90, 1, '2026-03-25 07:29:29', '2026-03-25 07:29:29'),
(755, 23, 24, 94, 1, '2026-03-25 07:29:29', '2026-03-25 07:29:29'),
(756, 23, 26, 98, 1, '2026-03-25 07:29:29', '2026-03-25 07:29:29'),
(757, 23, 27, 99, 1, '2026-03-25 07:29:29', '2026-03-25 07:29:29'),
(758, 23, 28, 102, 1, '2026-03-25 07:29:29', '2026-03-25 07:29:29'),
(759, 23, 29, 103, 1, '2026-03-25 07:29:29', '2026-03-25 07:29:29'),
(760, 23, 31, 106, 1, '2026-03-25 07:29:29', '2026-03-25 07:29:29'),
(761, 23, 32, 107, 1, '2026-03-25 07:29:29', '2026-03-25 07:29:29'),
(762, 23, 33, 110, 1, '2026-03-25 07:29:29', '2026-03-25 07:29:29');
INSERT INTO `attempt_answers` (`id`, `attempt_id`, `question_id`, `selected_answer_id`, `is_correct`, `created_at`, `updated_at`) VALUES
(763, 23, 34, 111, 1, '2026-03-25 07:29:29', '2026-03-25 07:29:29'),
(764, 24, 1, 3, 0, '2026-03-25 07:31:26', '2026-03-25 07:31:26'),
(765, 24, 2, 7, 1, '2026-03-25 07:31:26', '2026-03-25 07:31:26'),
(766, 24, 3, 11, 0, '2026-03-25 07:31:26', '2026-03-25 07:31:26'),
(767, 24, 4, 15, 0, '2026-03-25 07:31:26', '2026-03-25 07:31:26'),
(768, 24, 5, 19, 0, '2026-03-25 07:31:26', '2026-03-25 07:31:26'),
(769, 24, 6, 21, 0, '2026-03-25 07:31:26', '2026-03-25 07:31:26'),
(770, 24, 7, 27, 1, '2026-03-25 07:31:26', '2026-03-25 07:31:26'),
(771, 24, 8, 31, 0, '2026-03-25 07:31:26', '2026-03-25 07:31:26'),
(772, 24, 9, 35, 0, '2026-03-25 07:31:26', '2026-03-25 07:31:26'),
(773, 24, 10, 39, 0, '2026-03-25 07:31:26', '2026-03-25 07:31:26'),
(774, 24, 11, 43, 0, '2026-03-25 07:31:26', '2026-03-25 07:31:26'),
(775, 24, 12, 47, 0, '2026-03-25 07:31:26', '2026-03-25 07:31:26'),
(776, 24, 13, 51, 0, '2026-03-25 07:31:26', '2026-03-25 07:31:26'),
(777, 24, 14, 55, 0, '2026-03-25 07:31:26', '2026-03-25 07:31:26'),
(778, 24, 15, 59, 0, '2026-03-25 07:31:26', '2026-03-25 07:31:26'),
(779, 24, 16, 63, 1, '2026-03-25 07:31:26', '2026-03-25 07:31:26'),
(780, 24, 17, 67, 0, '2026-03-25 07:31:26', '2026-03-25 07:31:26'),
(781, 24, 18, 71, 0, '2026-03-25 07:31:26', '2026-03-25 07:31:26'),
(782, 24, 19, 75, 0, '2026-03-25 07:31:26', '2026-03-25 07:31:26'),
(783, 24, 20, 79, 0, '2026-03-25 07:31:26', '2026-03-25 07:31:26'),
(784, 24, 21, 83, 0, '2026-03-25 07:31:26', '2026-03-25 07:31:26'),
(785, 24, 22, 87, 1, '2026-03-25 07:31:26', '2026-03-25 07:31:26'),
(786, 24, 23, 91, 0, '2026-03-25 07:31:26', '2026-03-25 07:31:26'),
(787, 24, 24, 95, 0, '2026-03-25 07:31:26', '2026-03-25 07:31:26'),
(788, 24, 26, 98, 1, '2026-03-25 07:31:26', '2026-03-25 07:31:26'),
(789, 24, 27, 99, 1, '2026-03-25 07:31:26', '2026-03-25 07:31:26'),
(790, 24, 28, 102, 1, '2026-03-25 07:31:26', '2026-03-25 07:31:26'),
(791, 24, 29, 103, 1, '2026-03-25 07:31:26', '2026-03-25 07:31:26'),
(792, 24, 31, 106, 1, '2026-03-25 07:31:26', '2026-03-25 07:31:26'),
(793, 24, 32, 107, 1, '2026-03-25 07:31:26', '2026-03-25 07:31:26'),
(794, 24, 33, 110, 1, '2026-03-25 07:31:26', '2026-03-25 07:31:26'),
(795, 24, 34, 111, 1, '2026-03-25 07:31:26', '2026-03-25 07:31:26'),
(796, 25, 1, 4, 1, '2026-03-25 07:31:46', '2026-03-25 07:31:46'),
(797, 25, 2, 7, 1, '2026-03-25 07:31:46', '2026-03-25 07:31:46'),
(798, 25, 3, 11, 0, '2026-03-25 07:31:46', '2026-03-25 07:31:46'),
(799, 25, 4, 16, 1, '2026-03-25 07:31:46', '2026-03-25 07:31:46'),
(800, 25, 5, 20, 1, '2026-03-25 07:31:46', '2026-03-25 07:31:46'),
(801, 25, 6, 23, 1, '2026-03-25 07:31:46', '2026-03-25 07:31:46'),
(802, 25, 7, 27, 1, '2026-03-25 07:31:46', '2026-03-25 07:31:46'),
(803, 25, 8, 30, 1, '2026-03-25 07:31:46', '2026-03-25 07:31:46'),
(804, 25, 9, 35, 0, '2026-03-25 07:31:46', '2026-03-25 07:31:46'),
(805, 25, 10, 38, 1, '2026-03-25 07:31:46', '2026-03-25 07:31:46'),
(806, 25, 11, 44, 1, '2026-03-25 07:31:46', '2026-03-25 07:31:46'),
(807, 25, 12, 45, 1, '2026-03-25 07:31:46', '2026-03-25 07:31:46'),
(808, 25, 13, 52, 1, '2026-03-25 07:31:46', '2026-03-25 07:31:46'),
(809, 25, 14, 53, 1, '2026-03-25 07:31:46', '2026-03-25 07:31:46'),
(810, 25, 15, 58, 1, '2026-03-25 07:31:46', '2026-03-25 07:31:46'),
(811, 25, 16, 63, 1, '2026-03-25 07:31:46', '2026-03-25 07:31:46'),
(812, 25, 17, 65, 1, '2026-03-25 07:31:46', '2026-03-25 07:31:46'),
(813, 25, 18, 69, 1, '2026-03-25 07:31:46', '2026-03-25 07:31:46'),
(814, 25, 19, 73, 1, '2026-03-25 07:31:46', '2026-03-25 07:31:46'),
(815, 25, 20, 80, 1, '2026-03-25 07:31:46', '2026-03-25 07:31:46'),
(816, 25, 21, 81, 0, '2026-03-25 07:31:46', '2026-03-25 07:31:46'),
(817, 25, 22, 87, 1, '2026-03-25 07:31:46', '2026-03-25 07:31:46'),
(818, 25, 23, 90, 1, '2026-03-25 07:31:46', '2026-03-25 07:31:46'),
(819, 25, 24, 94, 1, '2026-03-25 07:31:46', '2026-03-25 07:31:46'),
(820, 25, 26, 98, 1, '2026-03-25 07:31:46', '2026-03-25 07:31:46'),
(821, 25, 27, 99, 1, '2026-03-25 07:31:46', '2026-03-25 07:31:46'),
(822, 25, 28, 102, 1, '2026-03-25 07:31:46', '2026-03-25 07:31:46'),
(823, 25, 29, 103, 1, '2026-03-25 07:31:46', '2026-03-25 07:31:46'),
(824, 25, 31, 106, 1, '2026-03-25 07:31:46', '2026-03-25 07:31:46'),
(825, 25, 32, 107, 1, '2026-03-25 07:31:46', '2026-03-25 07:31:46'),
(826, 25, 33, 110, 1, '2026-03-25 07:31:46', '2026-03-25 07:31:46'),
(827, 25, 34, 111, 1, '2026-03-25 07:31:46', '2026-03-25 07:31:46'),
(828, 25, 36, 113, 1, '2026-03-25 07:31:46', '2026-03-25 07:31:46'),
(829, 25, 37, 116, 1, '2026-03-25 07:31:46', '2026-03-25 07:31:46'),
(830, 25, 38, 117, 1, '2026-03-25 07:31:46', '2026-03-25 07:31:46'),
(831, 25, 39, 120, 1, '2026-03-25 07:31:46', '2026-03-25 07:31:46'),
(832, 25, 41, 122, 1, '2026-03-25 07:31:46', '2026-03-25 07:31:46'),
(833, 25, 42, 124, 1, '2026-03-25 07:31:46', '2026-03-25 07:31:46'),
(834, 25, 43, 125, 1, '2026-03-25 07:31:46', '2026-03-25 07:31:46'),
(835, 25, 44, 128, 1, '2026-03-25 07:31:46', '2026-03-25 07:31:46'),
(836, 26, 1, 4, 1, '2026-03-25 07:32:25', '2026-03-25 07:32:25'),
(837, 26, 2, 7, 1, '2026-03-25 07:32:25', '2026-03-25 07:32:25'),
(838, 26, 3, 9, 1, '2026-03-25 07:32:25', '2026-03-25 07:32:25'),
(839, 26, 4, 16, 1, '2026-03-25 07:32:25', '2026-03-25 07:32:25'),
(840, 26, 5, 20, 1, '2026-03-25 07:32:25', '2026-03-25 07:32:25'),
(841, 26, 6, 23, 1, '2026-03-25 07:32:25', '2026-03-25 07:32:25'),
(842, 26, 7, 27, 1, '2026-03-25 07:32:25', '2026-03-25 07:32:25'),
(843, 26, 8, 30, 1, '2026-03-25 07:32:25', '2026-03-25 07:32:25'),
(844, 26, 9, 33, 1, '2026-03-25 07:32:25', '2026-03-25 07:32:25'),
(845, 26, 10, 38, 1, '2026-03-25 07:32:25', '2026-03-25 07:32:25'),
(846, 26, 11, 44, 1, '2026-03-25 07:32:25', '2026-03-25 07:32:25'),
(847, 26, 12, 45, 1, '2026-03-25 07:32:25', '2026-03-25 07:32:25'),
(848, 26, 13, 52, 1, '2026-03-25 07:32:25', '2026-03-25 07:32:25'),
(849, 26, 14, 53, 1, '2026-03-25 07:32:25', '2026-03-25 07:32:25'),
(850, 26, 15, 58, 1, '2026-03-25 07:32:25', '2026-03-25 07:32:25'),
(851, 26, 16, 63, 1, '2026-03-25 07:32:25', '2026-03-25 07:32:25'),
(852, 26, 17, 65, 1, '2026-03-25 07:32:25', '2026-03-25 07:32:25'),
(853, 26, 18, 69, 1, '2026-03-25 07:32:25', '2026-03-25 07:32:25'),
(854, 26, 19, 73, 1, '2026-03-25 07:32:25', '2026-03-25 07:32:25'),
(855, 26, 20, 80, 1, '2026-03-25 07:32:25', '2026-03-25 07:32:25'),
(856, 26, 21, 84, 1, '2026-03-25 07:32:25', '2026-03-25 07:32:25'),
(857, 26, 22, 87, 1, '2026-03-25 07:32:25', '2026-03-25 07:32:25'),
(858, 26, 23, 90, 1, '2026-03-25 07:32:25', '2026-03-25 07:32:25'),
(859, 26, 24, 94, 1, '2026-03-25 07:32:25', '2026-03-25 07:32:25'),
(860, 26, 26, 98, 1, '2026-03-25 07:32:25', '2026-03-25 07:32:25'),
(861, 26, 27, 99, 1, '2026-03-25 07:32:25', '2026-03-25 07:32:25'),
(862, 26, 28, 102, 1, '2026-03-25 07:32:25', '2026-03-25 07:32:25'),
(863, 26, 29, 103, 1, '2026-03-25 07:32:25', '2026-03-25 07:32:25'),
(864, 26, 31, 106, 1, '2026-03-25 07:32:25', '2026-03-25 07:32:25'),
(865, 26, 32, 107, 1, '2026-03-25 07:32:25', '2026-03-25 07:32:25'),
(866, 26, 33, 110, 1, '2026-03-25 07:32:25', '2026-03-25 07:32:25'),
(867, 26, 34, 111, 1, '2026-03-25 07:32:25', '2026-03-25 07:32:25'),
(868, 26, 36, 113, 1, '2026-03-25 07:32:25', '2026-03-25 07:32:25'),
(869, 26, 37, 116, 1, '2026-03-25 07:32:25', '2026-03-25 07:32:25'),
(870, 26, 38, 117, 1, '2026-03-25 07:32:25', '2026-03-25 07:32:25'),
(871, 26, 39, 120, 1, '2026-03-25 07:32:25', '2026-03-25 07:32:25'),
(872, 26, 41, 122, 1, '2026-03-25 07:32:25', '2026-03-25 07:32:25'),
(873, 26, 42, 124, 1, '2026-03-25 07:32:25', '2026-03-25 07:32:25'),
(874, 26, 43, 125, 1, '2026-03-25 07:32:25', '2026-03-25 07:32:25'),
(875, 26, 44, 128, 1, '2026-03-25 07:32:25', '2026-03-25 07:32:25'),
(876, 27, 1, 4, 1, '2026-03-25 07:33:26', '2026-03-25 07:33:26'),
(877, 27, 2, 7, 1, '2026-03-25 07:33:26', '2026-03-25 07:33:26'),
(878, 27, 3, 9, 1, '2026-03-25 07:33:26', '2026-03-25 07:33:26'),
(879, 27, 4, 16, 1, '2026-03-25 07:33:26', '2026-03-25 07:33:26'),
(880, 27, 5, 20, 1, '2026-03-25 07:33:26', '2026-03-25 07:33:26'),
(881, 27, 6, 23, 1, '2026-03-25 07:33:26', '2026-03-25 07:33:26'),
(882, 27, 7, 27, 1, '2026-03-25 07:33:26', '2026-03-25 07:33:26'),
(883, 27, 8, 30, 1, '2026-03-25 07:33:26', '2026-03-25 07:33:26'),
(884, 27, 9, 33, 1, '2026-03-25 07:33:26', '2026-03-25 07:33:26'),
(885, 27, 10, 38, 1, '2026-03-25 07:33:26', '2026-03-25 07:33:26'),
(886, 27, 11, 44, 1, '2026-03-25 07:33:26', '2026-03-25 07:33:26'),
(887, 27, 12, 45, 1, '2026-03-25 07:33:26', '2026-03-25 07:33:26'),
(888, 27, 13, 52, 1, '2026-03-25 07:33:26', '2026-03-25 07:33:26'),
(889, 27, 14, 53, 1, '2026-03-25 07:33:26', '2026-03-25 07:33:26'),
(890, 27, 15, 58, 1, '2026-03-25 07:33:26', '2026-03-25 07:33:26'),
(891, 27, 16, 63, 1, '2026-03-25 07:33:26', '2026-03-25 07:33:26'),
(892, 27, 17, 65, 1, '2026-03-25 07:33:26', '2026-03-25 07:33:26'),
(893, 27, 18, 69, 1, '2026-03-25 07:33:26', '2026-03-25 07:33:26'),
(894, 27, 19, 73, 1, '2026-03-25 07:33:26', '2026-03-25 07:33:26'),
(895, 27, 20, 80, 1, '2026-03-25 07:33:26', '2026-03-25 07:33:26'),
(896, 27, 21, 84, 1, '2026-03-25 07:33:26', '2026-03-25 07:33:26'),
(897, 27, 22, 87, 1, '2026-03-25 07:33:26', '2026-03-25 07:33:26'),
(898, 27, 23, 90, 1, '2026-03-25 07:33:26', '2026-03-25 07:33:26'),
(899, 27, 24, 94, 1, '2026-03-25 07:33:26', '2026-03-25 07:33:26'),
(900, 27, 26, 98, 1, '2026-03-25 07:33:26', '2026-03-25 07:33:26'),
(901, 27, 27, 99, 1, '2026-03-25 07:33:26', '2026-03-25 07:33:26'),
(902, 27, 28, 102, 1, '2026-03-25 07:33:26', '2026-03-25 07:33:26'),
(903, 27, 29, 103, 1, '2026-03-25 07:33:26', '2026-03-25 07:33:26'),
(904, 27, 31, 106, 1, '2026-03-25 07:33:26', '2026-03-25 07:33:26'),
(905, 27, 32, 107, 1, '2026-03-25 07:33:26', '2026-03-25 07:33:26'),
(906, 27, 33, 110, 1, '2026-03-25 07:33:26', '2026-03-25 07:33:26'),
(907, 27, 34, 111, 1, '2026-03-25 07:33:26', '2026-03-25 07:33:26'),
(908, 27, 36, 113, 1, '2026-03-25 07:33:26', '2026-03-25 07:33:26'),
(909, 27, 37, 116, 1, '2026-03-25 07:33:27', '2026-03-25 07:33:27'),
(910, 27, 38, 117, 1, '2026-03-25 07:33:27', '2026-03-25 07:33:27'),
(911, 27, 39, 120, 1, '2026-03-25 07:33:27', '2026-03-25 07:33:27'),
(912, 27, 41, 122, 1, '2026-03-25 07:33:27', '2026-03-25 07:33:27'),
(913, 27, 42, 124, 1, '2026-03-25 07:33:27', '2026-03-25 07:33:27'),
(914, 27, 43, 125, 1, '2026-03-25 07:33:27', '2026-03-25 07:33:27'),
(915, 27, 44, 127, 0, '2026-03-25 07:33:27', '2026-03-25 07:33:27'),
(1276, 31, 1, 2, 0, '2026-03-25 07:33:49', '2026-03-25 07:33:49'),
(1277, 31, 2, 5, 0, '2026-03-25 07:33:49', '2026-03-25 07:33:49'),
(1278, 31, 3, 9, 1, '2026-03-25 07:33:49', '2026-03-25 07:33:49'),
(1279, 31, 4, 16, 1, '2026-03-25 07:33:49', '2026-03-25 07:33:49'),
(1280, 31, 5, 17, 0, '2026-03-25 07:33:49', '2026-03-25 07:33:49'),
(1281, 31, 6, 22, 0, '2026-03-25 07:33:49', '2026-03-25 07:33:49'),
(1282, 31, 7, 26, 0, '2026-03-25 07:33:49', '2026-03-25 07:33:49'),
(1283, 31, 8, 30, 1, '2026-03-25 07:33:49', '2026-03-25 07:33:49'),
(1284, 31, 9, 33, 1, '2026-03-25 07:33:49', '2026-03-25 07:33:49'),
(1285, 31, 10, 39, 0, '2026-03-25 07:33:49', '2026-03-25 07:33:49'),
(1286, 31, 11, 41, 0, '2026-03-25 07:33:49', '2026-03-25 07:33:49'),
(1287, 31, 12, 45, 1, '2026-03-25 07:33:49', '2026-03-25 07:33:49'),
(1288, 31, 13, 51, 0, '2026-03-25 07:33:49', '2026-03-25 07:33:49'),
(1289, 31, 14, 53, 1, '2026-03-25 07:33:49', '2026-03-25 07:33:49'),
(1290, 31, 15, 57, 0, '2026-03-25 07:33:49', '2026-03-25 07:33:49'),
(1291, 31, 16, 63, 1, '2026-03-25 07:33:49', '2026-03-25 07:33:49'),
(1292, 31, 17, 65, 1, '2026-03-25 07:33:49', '2026-03-25 07:33:49'),
(1293, 31, 18, 69, 1, '2026-03-25 07:33:49', '2026-03-25 07:33:49'),
(1294, 31, 19, 73, 1, '2026-03-25 07:33:49', '2026-03-25 07:33:49'),
(1295, 31, 20, 78, 0, '2026-03-25 07:33:49', '2026-03-25 07:33:49'),
(1296, 31, 21, 81, 0, '2026-03-25 07:33:49', '2026-03-25 07:33:49'),
(1297, 31, 22, 87, 1, '2026-03-25 07:33:49', '2026-03-25 07:33:49'),
(1298, 31, 23, 90, 1, '2026-03-25 07:33:49', '2026-03-25 07:33:49'),
(1299, 31, 24, 93, 0, '2026-03-25 07:33:49', '2026-03-25 07:33:49'),
(1300, 31, 26, 98, 1, '2026-03-25 07:33:49', '2026-03-25 07:33:49'),
(1301, 31, 27, 100, 0, '2026-03-25 07:33:49', '2026-03-25 07:33:49'),
(1302, 31, 28, 102, 1, '2026-03-25 07:33:49', '2026-03-25 07:33:49'),
(1303, 31, 29, 103, 1, '2026-03-25 07:33:49', '2026-03-25 07:33:49'),
(1304, 31, 31, 106, 1, '2026-03-25 07:33:49', '2026-03-25 07:33:49'),
(1305, 31, 32, 107, 1, '2026-03-25 07:33:49', '2026-03-25 07:33:49'),
(1306, 31, 33, 109, 0, '2026-03-25 07:33:49', '2026-03-25 07:33:49'),
(1307, 31, 34, 112, 0, '2026-03-25 07:33:49', '2026-03-25 07:33:49'),
(1308, 31, 46, 130, 0, '2026-03-25 07:33:49', '2026-03-25 07:33:49'),
(1309, 31, 47, 131, 1, '2026-03-25 07:33:49', '2026-03-25 07:33:49'),
(1310, 31, 48, 133, 0, '2026-03-25 07:33:49', '2026-03-25 07:33:49'),
(1311, 31, 49, 135, 0, '2026-03-25 07:33:49', '2026-03-25 07:33:49'),
(1312, 31, 51, 138, 0, '2026-03-25 07:33:49', '2026-03-25 07:33:49'),
(1313, 31, 52, 139, 0, '2026-03-25 07:33:49', '2026-03-25 07:33:49'),
(1314, 31, 53, 142, 1, '2026-03-25 07:33:49', '2026-03-25 07:33:49'),
(1315, 31, 54, 143, 1, '2026-03-25 07:33:49', '2026-03-25 07:33:49'),
(1316, 32, 1, 4, 1, '2026-03-25 07:34:08', '2026-03-25 07:34:08'),
(1317, 32, 2, 7, 1, '2026-03-25 07:34:08', '2026-03-25 07:34:08'),
(1318, 32, 3, 9, 1, '2026-03-25 07:34:08', '2026-03-25 07:34:08'),
(1319, 32, 4, 16, 1, '2026-03-25 07:34:08', '2026-03-25 07:34:08'),
(1320, 32, 5, 20, 1, '2026-03-25 07:34:08', '2026-03-25 07:34:08'),
(1321, 32, 6, 23, 1, '2026-03-25 07:34:08', '2026-03-25 07:34:08'),
(1322, 32, 7, 27, 1, '2026-03-25 07:34:08', '2026-03-25 07:34:08'),
(1323, 32, 8, 30, 1, '2026-03-25 07:34:08', '2026-03-25 07:34:08'),
(1324, 32, 9, 33, 1, '2026-03-25 07:34:08', '2026-03-25 07:34:08'),
(1325, 32, 10, 38, 1, '2026-03-25 07:34:08', '2026-03-25 07:34:08'),
(1326, 32, 11, 44, 1, '2026-03-25 07:34:08', '2026-03-25 07:34:08'),
(1327, 32, 12, 45, 1, '2026-03-25 07:34:08', '2026-03-25 07:34:08'),
(1328, 32, 13, 52, 1, '2026-03-25 07:34:08', '2026-03-25 07:34:08'),
(1329, 32, 14, 53, 1, '2026-03-25 07:34:08', '2026-03-25 07:34:08'),
(1330, 32, 15, 58, 1, '2026-03-25 07:34:08', '2026-03-25 07:34:08'),
(1331, 32, 16, 63, 1, '2026-03-25 07:34:08', '2026-03-25 07:34:08'),
(1332, 32, 17, 65, 1, '2026-03-25 07:34:08', '2026-03-25 07:34:08'),
(1333, 32, 18, 69, 1, '2026-03-25 07:34:08', '2026-03-25 07:34:08'),
(1334, 32, 19, 73, 1, '2026-03-25 07:34:08', '2026-03-25 07:34:08'),
(1335, 32, 20, 80, 1, '2026-03-25 07:34:08', '2026-03-25 07:34:08'),
(1336, 33, 1, 4, 1, '2026-03-25 07:34:55', '2026-03-25 07:34:55'),
(1337, 33, 2, 7, 1, '2026-03-25 07:34:55', '2026-03-25 07:34:55'),
(1338, 33, 3, 9, 1, '2026-03-25 07:34:55', '2026-03-25 07:34:55'),
(1339, 33, 4, 16, 1, '2026-03-25 07:34:55', '2026-03-25 07:34:55'),
(1340, 33, 5, 17, 0, '2026-03-25 07:34:55', '2026-03-25 07:34:55'),
(1341, 33, 6, 21, 0, '2026-03-25 07:34:55', '2026-03-25 07:34:55'),
(1342, 33, 7, 26, 0, '2026-03-25 07:34:55', '2026-03-25 07:34:55'),
(1343, 33, 8, 31, 0, '2026-03-25 07:34:55', '2026-03-25 07:34:55'),
(1344, 33, 9, 33, 1, '2026-03-25 07:34:55', '2026-03-25 07:34:55'),
(1345, 33, 10, 38, 1, '2026-03-25 07:34:55', '2026-03-25 07:34:55'),
(1346, 33, 11, 42, 0, '2026-03-25 07:34:55', '2026-03-25 07:34:55'),
(1347, 33, 12, 45, 1, '2026-03-25 07:34:55', '2026-03-25 07:34:55'),
(1348, 33, 13, 52, 1, '2026-03-25 07:34:55', '2026-03-25 07:34:55'),
(1349, 33, 14, 56, 0, '2026-03-25 07:34:55', '2026-03-25 07:34:55'),
(1350, 33, 15, 60, 0, '2026-03-25 07:34:55', '2026-03-25 07:34:55'),
(1351, 33, 16, 63, 1, '2026-03-25 07:34:55', '2026-03-25 07:34:55'),
(1352, 33, 17, 66, 0, '2026-03-25 07:34:55', '2026-03-25 07:34:55'),
(1353, 33, 18, 69, 1, '2026-03-25 07:34:55', '2026-03-25 07:34:55'),
(1354, 33, 19, 73, 1, '2026-03-25 07:34:55', '2026-03-25 07:34:55'),
(1355, 33, 20, 80, 1, '2026-03-25 07:34:55', '2026-03-25 07:34:55'),
(1356, 33, 21, 84, 1, '2026-03-25 07:34:55', '2026-03-25 07:34:55'),
(1357, 33, 22, 87, 1, '2026-03-25 07:34:55', '2026-03-25 07:34:55'),
(1358, 33, 23, 90, 1, '2026-03-25 07:34:55', '2026-03-25 07:34:55'),
(1359, 33, 24, 94, 1, '2026-03-25 07:34:55', '2026-03-25 07:34:55'),
(1360, 33, 26, 98, 1, '2026-03-25 07:34:55', '2026-03-25 07:34:55'),
(1361, 33, 27, 99, 1, '2026-03-25 07:34:55', '2026-03-25 07:34:55'),
(1362, 33, 28, 102, 1, '2026-03-25 07:34:55', '2026-03-25 07:34:55'),
(1363, 33, 29, 103, 1, '2026-03-25 07:34:55', '2026-03-25 07:34:55'),
(1364, 33, 31, 105, 0, '2026-03-25 07:34:55', '2026-03-25 07:34:55'),
(1365, 33, 32, 107, 1, '2026-03-25 07:34:55', '2026-03-25 07:34:55'),
(1366, 33, 33, 110, 1, '2026-03-25 07:34:55', '2026-03-25 07:34:55'),
(1367, 33, 34, 111, 1, '2026-03-25 07:34:55', '2026-03-25 07:34:55'),
(1368, 33, 46, 129, 1, '2026-03-25 07:34:55', '2026-03-25 07:34:55'),
(1369, 33, 47, 131, 1, '2026-03-25 07:34:55', '2026-03-25 07:34:55'),
(1370, 33, 48, 134, 1, '2026-03-25 07:34:55', '2026-03-25 07:34:55'),
(1371, 33, 49, 135, 0, '2026-03-25 07:34:55', '2026-03-25 07:34:55'),
(1372, 33, 51, 138, 0, '2026-03-25 07:34:55', '2026-03-25 07:34:55'),
(1373, 33, 52, 139, 0, '2026-03-25 07:34:55', '2026-03-25 07:34:55'),
(1374, 33, 53, 142, 1, '2026-03-25 07:34:55', '2026-03-25 07:34:55'),
(1375, 33, 54, 143, 1, '2026-03-25 07:34:55', '2026-03-25 07:34:55'),
(1376, 34, 1, 2, 0, '2026-03-25 07:35:54', '2026-03-25 07:35:54'),
(1377, 34, 2, 7, 1, '2026-03-25 07:35:54', '2026-03-25 07:35:54'),
(1378, 34, 3, 9, 1, '2026-03-25 07:35:54', '2026-03-25 07:35:54'),
(1379, 34, 4, 16, 1, '2026-03-25 07:35:54', '2026-03-25 07:35:54'),
(1380, 34, 5, 17, 0, '2026-03-25 07:35:54', '2026-03-25 07:35:54'),
(1381, 34, 6, 22, 0, '2026-03-25 07:35:54', '2026-03-25 07:35:54'),
(1382, 34, 7, 27, 1, '2026-03-25 07:35:54', '2026-03-25 07:35:54'),
(1383, 34, 8, 30, 1, '2026-03-25 07:35:54', '2026-03-25 07:35:54'),
(1384, 34, 9, 35, 0, '2026-03-25 07:35:54', '2026-03-25 07:35:54'),
(1385, 34, 10, 37, 0, '2026-03-25 07:35:54', '2026-03-25 07:35:54'),
(1386, 34, 11, 44, 1, '2026-03-25 07:35:54', '2026-03-25 07:35:54'),
(1387, 34, 12, 45, 1, '2026-03-25 07:35:54', '2026-03-25 07:35:54'),
(1388, 34, 13, 51, 0, '2026-03-25 07:35:54', '2026-03-25 07:35:54'),
(1389, 34, 14, 56, 0, '2026-03-25 07:35:54', '2026-03-25 07:35:54'),
(1390, 34, 15, 59, 0, '2026-03-25 07:35:54', '2026-03-25 07:35:54'),
(1391, 34, 16, 63, 1, '2026-03-25 07:35:54', '2026-03-25 07:35:54'),
(1392, 34, 17, 65, 1, '2026-03-25 07:35:54', '2026-03-25 07:35:54'),
(1393, 34, 18, 69, 1, '2026-03-25 07:35:54', '2026-03-25 07:35:54'),
(1394, 34, 19, 73, 1, '2026-03-25 07:35:54', '2026-03-25 07:35:54'),
(1395, 34, 20, 80, 1, '2026-03-25 07:35:54', '2026-03-25 07:35:54'),
(1396, 34, 21, 81, 0, '2026-03-25 07:35:54', '2026-03-25 07:35:54'),
(1397, 34, 22, 87, 1, '2026-03-25 07:35:54', '2026-03-25 07:35:54'),
(1398, 34, 23, 90, 1, '2026-03-25 07:35:54', '2026-03-25 07:35:54'),
(1399, 34, 24, 96, 0, '2026-03-25 07:35:54', '2026-03-25 07:35:54'),
(1400, 34, 26, 98, 1, '2026-03-25 07:35:54', '2026-03-25 07:35:54'),
(1401, 34, 27, 99, 1, '2026-03-25 07:35:54', '2026-03-25 07:35:54'),
(1402, 34, 28, 102, 1, '2026-03-25 07:35:54', '2026-03-25 07:35:54'),
(1403, 34, 29, 103, 1, '2026-03-25 07:35:54', '2026-03-25 07:35:54'),
(1404, 34, 31, 106, 1, '2026-03-25 07:35:54', '2026-03-25 07:35:54'),
(1405, 34, 32, 107, 1, '2026-03-25 07:35:54', '2026-03-25 07:35:54'),
(1406, 34, 33, 110, 1, '2026-03-25 07:35:54', '2026-03-25 07:35:54'),
(1407, 34, 34, 111, 1, '2026-03-25 07:35:54', '2026-03-25 07:35:54'),
(1408, 35, 1, 3, 0, '2026-03-25 07:36:22', '2026-03-25 07:36:22'),
(1409, 35, 2, 7, 1, '2026-03-25 07:36:22', '2026-03-25 07:36:22'),
(1410, 35, 3, 9, 1, '2026-03-25 07:36:22', '2026-03-25 07:36:22'),
(1411, 35, 4, 13, 0, '2026-03-25 07:36:22', '2026-03-25 07:36:22'),
(1412, 35, 5, 17, 0, '2026-03-25 07:36:22', '2026-03-25 07:36:22'),
(1413, 35, 6, 23, 1, '2026-03-25 07:36:22', '2026-03-25 07:36:22'),
(1414, 35, 7, 27, 1, '2026-03-25 07:36:22', '2026-03-25 07:36:22'),
(1415, 35, 8, 30, 1, '2026-03-25 07:36:22', '2026-03-25 07:36:22'),
(1416, 35, 9, 33, 1, '2026-03-25 07:36:22', '2026-03-25 07:36:22'),
(1417, 35, 10, 37, 0, '2026-03-25 07:36:22', '2026-03-25 07:36:22'),
(1418, 35, 11, 42, 0, '2026-03-25 07:36:22', '2026-03-25 07:36:22'),
(1419, 35, 12, 45, 1, '2026-03-25 07:36:22', '2026-03-25 07:36:22'),
(1420, 35, 13, 49, 0, '2026-03-25 07:36:22', '2026-03-25 07:36:22'),
(1421, 35, 14, 53, 1, '2026-03-25 07:36:22', '2026-03-25 07:36:22'),
(1422, 35, 15, 58, 1, '2026-03-25 07:36:22', '2026-03-25 07:36:22'),
(1423, 35, 16, 62, 0, '2026-03-25 07:36:22', '2026-03-25 07:36:22'),
(1424, 35, 17, 65, 1, '2026-03-25 07:36:22', '2026-03-25 07:36:22'),
(1425, 35, 18, 69, 1, '2026-03-25 07:36:22', '2026-03-25 07:36:22'),
(1426, 35, 19, 73, 1, '2026-03-25 07:36:22', '2026-03-25 07:36:22'),
(1427, 35, 20, 80, 1, '2026-03-25 07:36:22', '2026-03-25 07:36:22'),
(1428, 35, 21, 81, 0, '2026-03-25 07:36:22', '2026-03-25 07:36:22'),
(1429, 35, 22, 87, 1, '2026-03-25 07:36:22', '2026-03-25 07:36:22'),
(1430, 35, 23, 90, 1, '2026-03-25 07:36:22', '2026-03-25 07:36:22'),
(1431, 35, 24, 93, 0, '2026-03-25 07:36:22', '2026-03-25 07:36:22'),
(1432, 35, 26, 98, 1, '2026-03-25 07:36:22', '2026-03-25 07:36:22'),
(1433, 35, 27, 99, 1, '2026-03-25 07:36:22', '2026-03-25 07:36:22'),
(1434, 35, 28, 101, 0, '2026-03-25 07:36:22', '2026-03-25 07:36:22'),
(1435, 35, 29, 103, 1, '2026-03-25 07:36:22', '2026-03-25 07:36:22'),
(1436, 35, 31, 106, 1, '2026-03-25 07:36:22', '2026-03-25 07:36:22'),
(1437, 35, 32, 108, 0, '2026-03-25 07:36:22', '2026-03-25 07:36:22'),
(1438, 35, 33, 109, 0, '2026-03-25 07:36:22', '2026-03-25 07:36:22'),
(1439, 35, 34, 111, 1, '2026-03-25 07:36:22', '2026-03-25 07:36:22'),
(1440, 35, 46, 129, 1, '2026-03-25 07:36:23', '2026-03-25 07:36:23'),
(1441, 35, 47, 131, 1, '2026-03-25 07:36:23', '2026-03-25 07:36:23'),
(1442, 35, 48, 133, 0, '2026-03-25 07:36:23', '2026-03-25 07:36:23'),
(1443, 35, 49, 135, 0, '2026-03-25 07:36:23', '2026-03-25 07:36:23'),
(1444, 35, 51, 137, 1, '2026-03-25 07:36:23', '2026-03-25 07:36:23'),
(1445, 35, 52, 139, 0, '2026-03-25 07:36:23', '2026-03-25 07:36:23'),
(1446, 35, 53, 141, 0, '2026-03-25 07:36:23', '2026-03-25 07:36:23'),
(1447, 35, 54, 143, 1, '2026-03-25 07:36:23', '2026-03-25 07:36:23'),
(1448, 36, 1, 3, 0, '2026-03-25 07:37:35', '2026-03-25 07:37:35'),
(1449, 36, 2, 8, 0, '2026-03-25 07:37:35', '2026-03-25 07:37:35'),
(1450, 36, 3, 9, 1, '2026-03-25 07:37:35', '2026-03-25 07:37:35'),
(1451, 36, 4, 16, 1, '2026-03-25 07:37:35', '2026-03-25 07:37:35'),
(1452, 36, 5, 20, 1, '2026-03-25 07:37:35', '2026-03-25 07:37:35'),
(1453, 36, 6, 24, 0, '2026-03-25 07:37:35', '2026-03-25 07:37:35'),
(1454, 36, 7, 28, 0, '2026-03-25 07:37:35', '2026-03-25 07:37:35'),
(1455, 36, 8, 30, 1, '2026-03-25 07:37:35', '2026-03-25 07:37:35'),
(1456, 36, 9, 35, 0, '2026-03-25 07:37:35', '2026-03-25 07:37:35'),
(1457, 36, 10, 38, 1, '2026-03-25 07:37:35', '2026-03-25 07:37:35'),
(1458, 36, 11, 43, 0, '2026-03-25 07:37:35', '2026-03-25 07:37:35'),
(1459, 36, 12, 45, 1, '2026-03-25 07:37:35', '2026-03-25 07:37:35'),
(1460, 36, 13, 52, 1, '2026-03-25 07:37:35', '2026-03-25 07:37:35'),
(1461, 36, 14, 55, 0, '2026-03-25 07:37:35', '2026-03-25 07:37:35'),
(1462, 36, 15, 60, 0, '2026-03-25 07:37:35', '2026-03-25 07:37:35'),
(1463, 36, 16, 61, 0, '2026-03-25 07:37:35', '2026-03-25 07:37:35'),
(1464, 36, 17, 65, 1, '2026-03-25 07:37:35', '2026-03-25 07:37:35'),
(1465, 36, 18, 69, 1, '2026-03-25 07:37:35', '2026-03-25 07:37:35'),
(1466, 36, 19, 73, 1, '2026-03-25 07:37:35', '2026-03-25 07:37:35'),
(1467, 36, 20, 80, 1, '2026-03-25 07:37:35', '2026-03-25 07:37:35'),
(1468, 36, 21, 83, 0, '2026-03-25 07:37:35', '2026-03-25 07:37:35'),
(1469, 36, 22, 87, 1, '2026-03-25 07:37:35', '2026-03-25 07:37:35'),
(1470, 36, 23, 90, 1, '2026-03-25 07:37:35', '2026-03-25 07:37:35'),
(1471, 36, 24, 93, 0, '2026-03-25 07:37:35', '2026-03-25 07:37:35'),
(1472, 36, 26, 98, 1, '2026-03-25 07:37:35', '2026-03-25 07:37:35'),
(1473, 36, 27, 99, 1, '2026-03-25 07:37:35', '2026-03-25 07:37:35'),
(1474, 36, 28, 101, 0, '2026-03-25 07:37:35', '2026-03-25 07:37:35'),
(1475, 36, 29, 104, 0, '2026-03-25 07:37:35', '2026-03-25 07:37:35'),
(1476, 36, 31, 106, 1, '2026-03-25 07:37:35', '2026-03-25 07:37:35'),
(1477, 36, 32, 108, 0, '2026-03-25 07:37:35', '2026-03-25 07:37:35'),
(1478, 36, 33, 109, 0, '2026-03-25 07:37:35', '2026-03-25 07:37:35'),
(1479, 36, 34, 111, 1, '2026-03-25 07:37:35', '2026-03-25 07:37:35'),
(1480, 37, 1, 4, 1, '2026-03-25 11:30:31', '2026-03-25 11:30:31'),
(1481, 37, 2, 8, 0, '2026-03-25 11:30:31', '2026-03-25 11:30:31'),
(1482, 37, 3, 9, 1, '2026-03-25 11:30:31', '2026-03-25 11:30:31'),
(1483, 37, 4, 16, 1, '2026-03-25 11:30:31', '2026-03-25 11:30:31'),
(1484, 37, 5, 19, 0, '2026-03-25 11:30:31', '2026-03-25 11:30:31'),
(1485, 37, 6, 24, 0, '2026-03-25 11:30:31', '2026-03-25 11:30:31'),
(1486, 37, 7, 26, 0, '2026-03-25 11:30:31', '2026-03-25 11:30:31'),
(1487, 37, 8, 30, 1, '2026-03-25 11:30:31', '2026-03-25 11:30:31'),
(1488, 37, 9, 33, 1, '2026-03-25 11:30:31', '2026-03-25 11:30:31'),
(1489, 37, 10, 38, 1, '2026-03-25 11:30:31', '2026-03-25 11:30:31'),
(1490, 37, 11, 43, 0, '2026-03-25 11:30:31', '2026-03-25 11:30:31'),
(1491, 37, 12, 45, 1, '2026-03-25 11:30:31', '2026-03-25 11:30:31'),
(1492, 37, 13, 52, 1, '2026-03-25 11:30:31', '2026-03-25 11:30:31'),
(1493, 37, 14, 55, 0, '2026-03-25 11:30:31', '2026-03-25 11:30:31'),
(1494, 37, 15, 58, 1, '2026-03-25 11:30:31', '2026-03-25 11:30:31'),
(1495, 37, 16, 63, 1, '2026-03-25 11:30:31', '2026-03-25 11:30:31'),
(1496, 37, 17, 66, 0, '2026-03-25 11:30:31', '2026-03-25 11:30:31'),
(1497, 37, 18, 69, 1, '2026-03-25 11:30:31', '2026-03-25 11:30:31'),
(1498, 37, 19, 73, 1, '2026-03-25 11:30:31', '2026-03-25 11:30:31'),
(1499, 37, 20, 80, 1, '2026-03-25 11:30:31', '2026-03-25 11:30:31'),
(1500, 37, 21, 81, 0, '2026-03-25 11:30:31', '2026-03-25 11:30:31'),
(1501, 37, 22, 87, 1, '2026-03-25 11:30:31', '2026-03-25 11:30:31'),
(1502, 37, 23, 90, 1, '2026-03-25 11:30:31', '2026-03-25 11:30:31'),
(1503, 37, 24, 93, 0, '2026-03-25 11:30:31', '2026-03-25 11:30:31'),
(1504, 37, 26, 98, 1, '2026-03-25 11:30:31', '2026-03-25 11:30:31'),
(1505, 37, 27, 99, 1, '2026-03-25 11:30:31', '2026-03-25 11:30:31'),
(1506, 37, 28, 102, 1, '2026-03-25 11:30:31', '2026-03-25 11:30:31'),
(1507, 37, 29, 103, 1, '2026-03-25 11:30:31', '2026-03-25 11:30:31'),
(1508, 37, 31, 106, 1, '2026-03-25 11:30:31', '2026-03-25 11:30:31'),
(1509, 37, 32, 107, 1, '2026-03-25 11:30:31', '2026-03-25 11:30:31'),
(1510, 37, 33, 110, 1, '2026-03-25 11:30:31', '2026-03-25 11:30:31'),
(1511, 37, 34, 111, 1, '2026-03-25 11:30:31', '2026-03-25 11:30:31'),
(1512, 37, 36, 113, 1, '2026-03-25 11:30:31', '2026-03-25 11:30:31'),
(1513, 37, 37, 116, 1, '2026-03-25 11:30:31', '2026-03-25 11:30:31'),
(1514, 37, 38, 117, 1, '2026-03-25 11:30:31', '2026-03-25 11:30:31'),
(1515, 37, 39, 120, 1, '2026-03-25 11:30:31', '2026-03-25 11:30:31'),
(1516, 37, 41, 122, 1, '2026-03-25 11:30:31', '2026-03-25 11:30:31'),
(1517, 37, 42, 124, 1, '2026-03-25 11:30:31', '2026-03-25 11:30:31'),
(1518, 37, 43, 125, 1, '2026-03-25 11:30:31', '2026-03-25 11:30:31'),
(1519, 37, 44, 127, 0, '2026-03-25 11:30:31', '2026-03-25 11:30:31'),
(1520, 38, 1, 4, 1, '2026-03-25 11:40:48', '2026-03-25 11:40:48'),
(1521, 38, 2, 8, 0, '2026-03-25 11:40:48', '2026-03-25 11:40:48'),
(1522, 38, 3, 9, 1, '2026-03-25 11:40:48', '2026-03-25 11:40:48'),
(1523, 38, 4, 16, 1, '2026-03-25 11:40:48', '2026-03-25 11:40:48'),
(1524, 38, 5, 20, 1, '2026-03-25 11:40:48', '2026-03-25 11:40:48'),
(1525, 38, 6, 23, 1, '2026-03-25 11:40:48', '2026-03-25 11:40:48'),
(1526, 38, 7, 26, 0, '2026-03-25 11:40:48', '2026-03-25 11:40:48'),
(1527, 38, 8, 30, 1, '2026-03-25 11:40:48', '2026-03-25 11:40:48'),
(1528, 38, 9, 33, 1, '2026-03-25 11:40:48', '2026-03-25 11:40:48'),
(1529, 38, 10, 38, 1, '2026-03-25 11:40:48', '2026-03-25 11:40:48'),
(1530, 38, 11, 42, 0, '2026-03-25 11:40:48', '2026-03-25 11:40:48'),
(1531, 38, 12, 45, 1, '2026-03-25 11:40:48', '2026-03-25 11:40:48'),
(1532, 38, 13, 52, 1, '2026-03-25 11:40:48', '2026-03-25 11:40:48'),
(1533, 38, 14, 53, 1, '2026-03-25 11:40:48', '2026-03-25 11:40:48'),
(1534, 38, 15, 58, 1, '2026-03-25 11:40:48', '2026-03-25 11:40:48'),
(1535, 38, 16, 63, 1, '2026-03-25 11:40:48', '2026-03-25 11:40:48'),
(1536, 38, 17, 66, 0, '2026-03-25 11:40:48', '2026-03-25 11:40:48'),
(1537, 38, 18, 69, 1, '2026-03-25 11:40:48', '2026-03-25 11:40:48'),
(1538, 38, 19, 73, 1, '2026-03-25 11:40:48', '2026-03-25 11:40:48'),
(1539, 38, 20, 80, 1, '2026-03-25 11:40:48', '2026-03-25 11:40:48'),
(1540, 38, 21, 81, 0, '2026-03-25 11:40:48', '2026-03-25 11:40:48'),
(1541, 38, 22, 87, 1, '2026-03-25 11:40:48', '2026-03-25 11:40:48'),
(1542, 38, 23, 90, 1, '2026-03-25 11:40:48', '2026-03-25 11:40:48'),
(1543, 38, 24, 94, 1, '2026-03-25 11:40:48', '2026-03-25 11:40:48'),
(1544, 38, 26, 98, 1, '2026-03-25 11:40:48', '2026-03-25 11:40:48'),
(1545, 38, 27, 99, 1, '2026-03-25 11:40:48', '2026-03-25 11:40:48'),
(1546, 38, 28, 102, 1, '2026-03-25 11:40:48', '2026-03-25 11:40:48'),
(1547, 38, 29, 103, 1, '2026-03-25 11:40:48', '2026-03-25 11:40:48'),
(1548, 38, 31, 106, 1, '2026-03-25 11:40:48', '2026-03-25 11:40:48'),
(1549, 38, 32, 107, 1, '2026-03-25 11:40:48', '2026-03-25 11:40:48'),
(1550, 38, 33, 110, 1, '2026-03-25 11:40:48', '2026-03-25 11:40:48'),
(1551, 38, 34, 111, 1, '2026-03-25 11:40:48', '2026-03-25 11:40:48'),
(1552, 38, 36, 113, 1, '2026-03-25 11:40:48', '2026-03-25 11:40:48'),
(1553, 38, 37, 116, 1, '2026-03-25 11:40:48', '2026-03-25 11:40:48'),
(1554, 38, 38, 117, 1, '2026-03-25 11:40:48', '2026-03-25 11:40:48'),
(1555, 38, 39, 120, 1, '2026-03-25 11:40:48', '2026-03-25 11:40:48'),
(1556, 38, 41, 122, 1, '2026-03-25 11:40:48', '2026-03-25 11:40:48'),
(1557, 38, 42, 124, 1, '2026-03-25 11:40:48', '2026-03-25 11:40:48'),
(1558, 38, 43, 125, 1, '2026-03-25 11:40:48', '2026-03-25 11:40:48'),
(1559, 38, 44, 127, 1, '2026-03-25 11:40:48', '2026-03-25 11:40:48'),
(1560, 39, 1, 4, 1, '2026-03-25 11:44:19', '2026-03-25 11:44:19'),
(1561, 39, 2, 8, 0, '2026-03-25 11:44:19', '2026-03-25 11:44:19'),
(1562, 39, 3, 9, 1, '2026-03-25 11:44:19', '2026-03-25 11:44:19'),
(1563, 39, 4, 16, 1, '2026-03-25 11:44:19', '2026-03-25 11:44:19'),
(1564, 39, 5, 20, 1, '2026-03-25 11:44:19', '2026-03-25 11:44:19'),
(1565, 39, 6, 23, 1, '2026-03-25 11:44:19', '2026-03-25 11:44:19'),
(1566, 39, 7, 27, 1, '2026-03-25 11:44:19', '2026-03-25 11:44:19'),
(1567, 39, 8, 30, 1, '2026-03-25 11:44:19', '2026-03-25 11:44:19'),
(1568, 39, 9, 33, 1, '2026-03-25 11:44:19', '2026-03-25 11:44:19'),
(1569, 39, 10, 38, 1, '2026-03-25 11:44:19', '2026-03-25 11:44:19'),
(1570, 39, 11, 43, 0, '2026-03-25 11:44:19', '2026-03-25 11:44:19'),
(1571, 39, 12, 45, 1, '2026-03-25 11:44:19', '2026-03-25 11:44:19'),
(1572, 39, 13, 52, 1, '2026-03-25 11:44:19', '2026-03-25 11:44:19'),
(1573, 39, 14, 53, 1, '2026-03-25 11:44:19', '2026-03-25 11:44:19'),
(1574, 39, 15, 60, 0, '2026-03-25 11:44:19', '2026-03-25 11:44:19'),
(1575, 39, 16, 63, 1, '2026-03-25 11:44:19', '2026-03-25 11:44:19'),
(1576, 39, 17, 66, 0, '2026-03-25 11:44:19', '2026-03-25 11:44:19'),
(1577, 39, 18, 69, 1, '2026-03-25 11:44:19', '2026-03-25 11:44:19'),
(1578, 39, 19, 73, 1, '2026-03-25 11:44:19', '2026-03-25 11:44:19'),
(1579, 39, 20, 80, 1, '2026-03-25 11:44:19', '2026-03-25 11:44:19'),
(1580, 39, 21, 84, 1, '2026-03-25 11:44:19', '2026-03-25 11:44:19'),
(1581, 39, 22, 87, 1, '2026-03-25 11:44:19', '2026-03-25 11:44:19'),
(1582, 39, 23, 90, 1, '2026-03-25 11:44:19', '2026-03-25 11:44:19'),
(1583, 39, 24, 94, 1, '2026-03-25 11:44:19', '2026-03-25 11:44:19'),
(1584, 39, 26, 97, 0, '2026-03-25 11:44:19', '2026-03-25 11:44:19'),
(1585, 39, 27, 100, 0, '2026-03-25 11:44:19', '2026-03-25 11:44:19'),
(1586, 39, 28, 102, 1, '2026-03-25 11:44:19', '2026-03-25 11:44:19'),
(1587, 39, 29, 103, 1, '2026-03-25 11:44:19', '2026-03-25 11:44:19'),
(1588, 39, 31, 106, 1, '2026-03-25 11:44:19', '2026-03-25 11:44:19'),
(1589, 39, 32, 107, 1, '2026-03-25 11:44:19', '2026-03-25 11:44:19'),
(1590, 39, 33, 110, 1, '2026-03-25 11:44:19', '2026-03-25 11:44:19'),
(1591, 39, 34, 111, 1, '2026-03-25 11:44:19', '2026-03-25 11:44:19'),
(1592, 39, 36, 113, 1, '2026-03-25 11:44:19', '2026-03-25 11:44:19'),
(1593, 39, 37, 116, 1, '2026-03-25 11:44:19', '2026-03-25 11:44:19'),
(1594, 39, 38, 117, 1, '2026-03-25 11:44:19', '2026-03-25 11:44:19'),
(1595, 39, 39, 120, 1, '2026-03-25 11:44:19', '2026-03-25 11:44:19'),
(1596, 39, 41, 122, 1, '2026-03-25 11:44:19', '2026-03-25 11:44:19'),
(1597, 39, 42, 124, 1, '2026-03-25 11:44:19', '2026-03-25 11:44:19'),
(1598, 39, 43, 125, 1, '2026-03-25 11:44:19', '2026-03-25 11:44:19'),
(1599, 39, 44, 127, 1, '2026-03-25 11:44:19', '2026-03-25 11:44:19'),
(1600, 40, 1, 4, 1, '2026-03-25 12:12:26', '2026-03-25 12:12:26'),
(1601, 40, 2, 8, 0, '2026-03-25 12:12:26', '2026-03-25 12:12:26'),
(1602, 40, 3, 9, 1, '2026-03-25 12:12:26', '2026-03-25 12:12:26'),
(1603, 40, 4, 16, 1, '2026-03-25 12:12:26', '2026-03-25 12:12:26'),
(1604, 40, 5, 20, 1, '2026-03-25 12:12:26', '2026-03-25 12:12:26'),
(1605, 40, 6, 23, 1, '2026-03-25 12:12:26', '2026-03-25 12:12:26'),
(1606, 40, 7, 27, 1, '2026-03-25 12:12:26', '2026-03-25 12:12:26'),
(1607, 40, 8, 30, 1, '2026-03-25 12:12:26', '2026-03-25 12:12:26'),
(1608, 40, 9, 33, 1, '2026-03-25 12:12:26', '2026-03-25 12:12:26'),
(1609, 40, 10, 38, 1, '2026-03-25 12:12:26', '2026-03-25 12:12:26'),
(1610, 40, 11, 43, 0, '2026-03-25 12:12:26', '2026-03-25 12:12:26'),
(1611, 40, 12, 45, 1, '2026-03-25 12:12:26', '2026-03-25 12:12:26'),
(1612, 40, 13, 52, 1, '2026-03-25 12:12:26', '2026-03-25 12:12:26'),
(1613, 40, 14, 53, 1, '2026-03-25 12:12:26', '2026-03-25 12:12:26'),
(1614, 40, 15, 60, 0, '2026-03-25 12:12:26', '2026-03-25 12:12:26'),
(1615, 40, 16, 63, 1, '2026-03-25 12:12:26', '2026-03-25 12:12:26'),
(1616, 40, 17, 65, 1, '2026-03-25 12:12:26', '2026-03-25 12:12:26'),
(1617, 40, 18, 69, 1, '2026-03-25 12:12:26', '2026-03-25 12:12:26'),
(1618, 40, 19, 73, 1, '2026-03-25 12:12:26', '2026-03-25 12:12:26'),
(1619, 40, 20, 80, 1, '2026-03-25 12:12:26', '2026-03-25 12:12:26'),
(1620, 40, 21, 84, 1, '2026-03-25 12:12:26', '2026-03-25 12:12:26'),
(1621, 40, 22, 87, 1, '2026-03-25 12:12:26', '2026-03-25 12:12:26'),
(1622, 40, 23, 90, 1, '2026-03-25 12:12:26', '2026-03-25 12:12:26'),
(1623, 40, 24, 94, 1, '2026-03-25 12:12:26', '2026-03-25 12:12:26'),
(1624, 40, 26, 98, 1, '2026-03-25 12:12:26', '2026-03-25 12:12:26'),
(1625, 40, 27, 100, 0, '2026-03-25 12:12:26', '2026-03-25 12:12:26'),
(1626, 40, 28, 101, 0, '2026-03-25 12:12:26', '2026-03-25 12:12:26'),
(1627, 40, 29, 103, 1, '2026-03-25 12:12:26', '2026-03-25 12:12:26'),
(1628, 40, 31, 106, 1, '2026-03-25 12:12:26', '2026-03-25 12:12:26'),
(1629, 40, 32, 107, 1, '2026-03-25 12:12:26', '2026-03-25 12:12:26'),
(1630, 40, 33, 110, 1, '2026-03-25 12:12:26', '2026-03-25 12:12:26'),
(1631, 40, 34, 111, 1, '2026-03-25 12:12:26', '2026-03-25 12:12:26'),
(1632, 40, 36, 113, 1, '2026-03-25 12:12:26', '2026-03-25 12:12:26'),
(1633, 40, 37, 116, 1, '2026-03-25 12:12:26', '2026-03-25 12:12:26'),
(1634, 40, 38, 117, 1, '2026-03-25 12:12:26', '2026-03-25 12:12:26'),
(1635, 40, 39, 120, 1, '2026-03-25 12:12:26', '2026-03-25 12:12:26'),
(1636, 40, 41, 122, 1, '2026-03-25 12:12:26', '2026-03-25 12:12:26'),
(1637, 40, 42, 124, 1, '2026-03-25 12:12:26', '2026-03-25 12:12:26'),
(1638, 40, 43, 125, 1, '2026-03-25 12:12:26', '2026-03-25 12:12:26'),
(1639, 40, 44, 127, 1, '2026-03-25 12:12:26', '2026-03-25 12:12:26'),
(1720, 42, 1, 4, 1, '2026-03-25 15:10:46', '2026-03-25 15:10:46'),
(1721, 42, 2, 7, 1, '2026-03-25 15:10:46', '2026-03-25 15:10:46'),
(1722, 42, 3, 9, 1, '2026-03-25 15:10:46', '2026-03-25 15:10:46'),
(1723, 42, 4, 16, 1, '2026-03-25 15:10:46', '2026-03-25 15:10:46'),
(1724, 42, 5, 20, 1, '2026-03-25 15:10:46', '2026-03-25 15:10:46'),
(1725, 42, 6, 23, 1, '2026-03-25 15:10:46', '2026-03-25 15:10:46'),
(1726, 42, 7, 27, 1, '2026-03-25 15:10:46', '2026-03-25 15:10:46'),
(1727, 42, 8, 30, 1, '2026-03-25 15:10:46', '2026-03-25 15:10:46'),
(1728, 42, 9, 33, 1, '2026-03-25 15:10:46', '2026-03-25 15:10:46'),
(1729, 42, 10, 38, 1, '2026-03-25 15:10:46', '2026-03-25 15:10:46'),
(1730, 42, 11, 44, 1, '2026-03-25 15:10:46', '2026-03-25 15:10:46'),
(1731, 42, 12, 45, 1, '2026-03-25 15:10:46', '2026-03-25 15:10:46'),
(1732, 42, 13, 52, 1, '2026-03-25 15:10:46', '2026-03-25 15:10:46'),
(1733, 42, 14, 53, 1, '2026-03-25 15:10:46', '2026-03-25 15:10:46'),
(1734, 42, 15, 58, 1, '2026-03-25 15:10:46', '2026-03-25 15:10:46'),
(1735, 42, 16, 63, 1, '2026-03-25 15:10:46', '2026-03-25 15:10:46'),
(1736, 42, 17, 65, 1, '2026-03-25 15:10:46', '2026-03-25 15:10:46'),
(1737, 42, 18, 69, 1, '2026-03-25 15:10:46', '2026-03-25 15:10:46'),
(1738, 42, 19, 73, 1, '2026-03-25 15:10:46', '2026-03-25 15:10:46'),
(1739, 42, 20, 80, 1, '2026-03-25 15:10:46', '2026-03-25 15:10:46'),
(1740, 42, 21, 84, 1, '2026-03-25 15:10:46', '2026-03-25 15:10:46'),
(1741, 42, 22, 87, 1, '2026-03-25 15:10:46', '2026-03-25 15:10:46'),
(1742, 42, 23, 90, 1, '2026-03-25 15:10:46', '2026-03-25 15:10:46'),
(1743, 42, 24, 94, 1, '2026-03-25 15:10:46', '2026-03-25 15:10:46'),
(1744, 42, 26, 98, 1, '2026-03-25 15:10:46', '2026-03-25 15:10:46'),
(1745, 42, 27, 99, 1, '2026-03-25 15:10:46', '2026-03-25 15:10:46'),
(1746, 42, 28, 102, 1, '2026-03-25 15:10:46', '2026-03-25 15:10:46'),
(1747, 42, 29, 103, 1, '2026-03-25 15:10:46', '2026-03-25 15:10:46'),
(1748, 42, 31, 106, 1, '2026-03-25 15:10:46', '2026-03-25 15:10:46'),
(1749, 42, 32, 107, 1, '2026-03-25 15:10:46', '2026-03-25 15:10:46'),
(1750, 42, 33, 110, 1, '2026-03-25 15:10:46', '2026-03-25 15:10:46'),
(1751, 42, 34, 111, 1, '2026-03-25 15:10:46', '2026-03-25 15:10:46'),
(1752, 42, 46, 129, 1, '2026-03-25 15:10:46', '2026-03-25 15:10:46'),
(1753, 42, 47, 131, 1, '2026-03-25 15:10:46', '2026-03-25 15:10:46'),
(1754, 42, 48, 134, 1, '2026-03-25 15:10:46', '2026-03-25 15:10:46'),
(1755, 42, 49, 136, 1, '2026-03-25 15:10:46', '2026-03-25 15:10:46'),
(1756, 42, 51, 137, 1, '2026-03-25 15:10:46', '2026-03-25 15:10:46'),
(1757, 42, 52, 140, 1, '2026-03-25 15:10:46', '2026-03-25 15:10:46'),
(1758, 42, 53, 142, 1, '2026-03-25 15:10:46', '2026-03-25 15:10:46'),
(1759, 42, 54, 143, 1, '2026-03-25 15:10:46', '2026-03-25 15:10:46'),
(1760, 44, 1, 1, 0, '2026-03-25 15:51:47', '2026-03-25 15:51:47'),
(1761, 44, 2, 6, 0, '2026-03-25 15:51:47', '2026-03-25 15:51:47'),
(1762, 44, 3, 9, 1, '2026-03-25 15:51:47', '2026-03-25 15:51:47'),
(1763, 44, 4, 14, 0, '2026-03-25 15:51:47', '2026-03-25 15:51:47'),
(1764, 44, 5, 20, 1, '2026-03-25 15:51:47', '2026-03-25 15:51:47'),
(1765, 44, 6, 24, 0, '2026-03-25 15:51:47', '2026-03-25 15:51:47'),
(1766, 44, 7, 28, 0, '2026-03-25 15:51:47', '2026-03-25 15:51:47'),
(1767, 44, 8, 29, 0, '2026-03-25 15:51:47', '2026-03-25 15:51:47'),
(1768, 44, 9, 34, 0, '2026-03-25 15:51:47', '2026-03-25 15:51:47'),
(1769, 44, 10, 39, 0, '2026-03-25 15:51:47', '2026-03-25 15:51:47'),
(1770, 44, 11, 43, 0, '2026-03-25 15:51:47', '2026-03-25 15:51:47'),
(1771, 44, 12, 48, 0, '2026-03-25 15:51:47', '2026-03-25 15:51:47'),
(1772, 44, 13, 52, 1, '2026-03-25 15:51:47', '2026-03-25 15:51:47'),
(1773, 44, 14, 56, 0, '2026-03-25 15:51:47', '2026-03-25 15:51:47'),
(1774, 44, 15, 57, 0, '2026-03-25 15:51:47', '2026-03-25 15:51:47'),
(1775, 44, 16, 63, 1, '2026-03-25 15:51:47', '2026-03-25 15:51:47'),
(1776, 44, 17, 66, 0, '2026-03-25 15:51:47', '2026-03-25 15:51:47'),
(1777, 44, 18, 71, 0, '2026-03-25 15:51:47', '2026-03-25 15:51:47'),
(1778, 44, 19, 75, 0, '2026-03-25 15:51:47', '2026-03-25 15:51:47'),
(1779, 44, 20, 79, 0, '2026-03-25 15:51:47', '2026-03-25 15:51:47'),
(1780, 44, 21, 81, 0, '2026-03-25 15:51:47', '2026-03-25 15:51:47'),
(1781, 44, 22, 87, 1, '2026-03-25 15:51:47', '2026-03-25 15:51:47'),
(1782, 44, 23, 89, 0, '2026-03-25 15:51:47', '2026-03-25 15:51:47'),
(1783, 44, 24, 94, 1, '2026-03-25 15:51:47', '2026-03-25 15:51:47'),
(1784, 44, 26, 97, 0, '2026-03-25 15:51:47', '2026-03-25 15:51:47'),
(1785, 44, 27, 99, 1, '2026-03-25 15:51:47', '2026-03-25 15:51:47'),
(1786, 44, 28, 102, 1, '2026-03-25 15:51:47', '2026-03-25 15:51:47'),
(1787, 44, 29, 103, 1, '2026-03-25 15:51:47', '2026-03-25 15:51:47'),
(1788, 44, 31, 106, 1, '2026-03-25 15:51:47', '2026-03-25 15:51:47'),
(1789, 44, 32, 108, 0, '2026-03-25 15:51:47', '2026-03-25 15:51:47'),
(1790, 44, 33, 109, 0, '2026-03-25 15:51:47', '2026-03-25 15:51:47'),
(1791, 44, 34, 112, 0, '2026-03-25 15:51:47', '2026-03-25 15:51:47'),
(1792, 44, 46, 129, 1, '2026-03-25 15:51:47', '2026-03-25 15:51:47'),
(1793, 44, 47, 131, 1, '2026-03-25 15:51:47', '2026-03-25 15:51:47'),
(1794, 44, 48, 134, 1, '2026-03-25 15:51:47', '2026-03-25 15:51:47'),
(1795, 44, 49, 136, 1, '2026-03-25 15:51:47', '2026-03-25 15:51:47'),
(1796, 44, 51, 138, 0, '2026-03-25 15:51:47', '2026-03-25 15:51:47'),
(1797, 44, 52, 139, 0, '2026-03-25 15:51:47', '2026-03-25 15:51:47'),
(1798, 44, 53, 141, 0, '2026-03-25 15:51:47', '2026-03-25 15:51:47'),
(1799, 44, 54, 144, 0, '2026-03-25 15:51:47', '2026-03-25 15:51:47'),
(1800, 45, 1, 3, 0, '2026-03-26 06:38:27', '2026-03-26 06:38:27'),
(1801, 46, 1, 2, 0, '2026-03-26 06:40:08', '2026-03-26 06:40:08'),
(1802, 46, 2, 8, 0, '2026-03-26 06:40:08', '2026-03-26 06:40:08'),
(1803, 46, 3, 9, 1, '2026-03-26 06:40:08', '2026-03-26 06:40:08'),
(1804, 46, 4, 16, 1, '2026-03-26 06:40:08', '2026-03-26 06:40:08'),
(1805, 46, 5, 20, 1, '2026-03-26 06:40:08', '2026-03-26 06:40:08'),
(1806, 47, 1, 4, 1, '2026-03-26 06:40:25', '2026-03-26 06:40:25'),
(1807, 48, 26, 97, 0, '2026-03-26 06:41:25', '2026-03-26 06:41:25'),
(1808, 48, 27, 100, 0, '2026-03-26 06:41:25', '2026-03-26 06:41:25'),
(1809, 48, 28, 101, 0, '2026-03-26 06:41:25', '2026-03-26 06:41:25'),
(1810, 48, 29, 104, 0, '2026-03-26 06:41:25', '2026-03-26 06:41:25'),
(1811, 49, 1, 4, 1, '2026-03-26 06:43:53', '2026-03-26 06:43:53'),
(1812, 49, 2, 8, 0, '2026-03-26 06:43:53', '2026-03-26 06:43:53'),
(1813, 49, 3, 9, 1, '2026-03-26 06:43:53', '2026-03-26 06:43:53'),
(1814, 49, 4, 16, 1, '2026-03-26 06:43:53', '2026-03-26 06:43:53'),
(1815, 49, 5, 17, 0, '2026-03-26 06:43:53', '2026-03-26 06:43:53'),
(1816, 49, 6, 21, 0, '2026-03-26 06:43:53', '2026-03-26 06:43:53'),
(1817, 49, 7, 27, 1, '2026-03-26 06:43:53', '2026-03-26 06:43:53'),
(1818, 49, 8, 31, 0, '2026-03-26 06:43:53', '2026-03-26 06:43:53'),
(1819, 49, 9, 35, 0, '2026-03-26 06:43:53', '2026-03-26 06:43:53'),
(1820, 49, 10, 37, 0, '2026-03-26 06:43:53', '2026-03-26 06:43:53'),
(1821, 49, 11, 41, 0, '2026-03-26 06:43:53', '2026-03-26 06:43:53'),
(1822, 49, 12, 45, 1, '2026-03-26 06:43:53', '2026-03-26 06:43:53'),
(1823, 49, 13, 50, 0, '2026-03-26 06:43:53', '2026-03-26 06:43:53'),
(1824, 49, 14, 56, 0, '2026-03-26 06:43:53', '2026-03-26 06:43:53'),
(1825, 49, 15, 59, 0, '2026-03-26 06:43:53', '2026-03-26 06:43:53'),
(1826, 49, 16, 62, 0, '2026-03-26 06:43:53', '2026-03-26 06:43:53'),
(1827, 49, 17, 66, 0, '2026-03-26 06:43:53', '2026-03-26 06:43:53'),
(1828, 49, 18, 71, 0, '2026-03-26 06:43:53', '2026-03-26 06:43:53'),
(1829, 49, 19, 74, 0, '2026-03-26 06:43:53', '2026-03-26 06:43:53'),
(1830, 49, 20, 78, 0, '2026-03-26 06:43:53', '2026-03-26 06:43:53'),
(1831, 49, 21, 83, 0, '2026-03-26 06:43:53', '2026-03-26 06:43:53'),
(1832, 49, 22, 86, 0, '2026-03-26 06:43:53', '2026-03-26 06:43:53'),
(1833, 49, 23, 89, 0, '2026-03-26 06:43:53', '2026-03-26 06:43:53'),
(1834, 49, 24, 95, 0, '2026-03-26 06:43:53', '2026-03-26 06:43:53'),
(1835, 49, 26, 97, 0, '2026-03-26 06:43:53', '2026-03-26 06:43:53'),
(1836, 49, 27, 100, 0, '2026-03-26 06:43:53', '2026-03-26 06:43:53'),
(1837, 49, 28, 101, 0, '2026-03-26 06:43:53', '2026-03-26 06:43:53'),
(1838, 49, 29, 104, 0, '2026-03-26 06:43:53', '2026-03-26 06:43:53'),
(1839, 49, 31, 106, 1, '2026-03-26 06:43:53', '2026-03-26 06:43:53'),
(1840, 49, 32, 108, 0, '2026-03-26 06:43:53', '2026-03-26 06:43:53'),
(1841, 49, 33, 109, 0, '2026-03-26 06:43:53', '2026-03-26 06:43:53'),
(1842, 49, 34, 111, 1, '2026-03-26 06:43:53', '2026-03-26 06:43:53'),
(1843, 50, 1, 4, 1, '2026-03-26 06:44:41', '2026-03-26 06:44:41'),
(1844, 50, 2, 7, 1, '2026-03-26 06:44:41', '2026-03-26 06:44:41'),
(1845, 50, 3, 9, 1, '2026-03-26 06:44:41', '2026-03-26 06:44:41'),
(1846, 50, 4, 14, 0, '2026-03-26 06:44:41', '2026-03-26 06:44:41'),
(1847, 50, 5, 19, 0, '2026-03-26 06:44:41', '2026-03-26 06:44:41'),
(1848, 50, 6, 21, 0, '2026-03-26 06:44:41', '2026-03-26 06:44:41'),
(1849, 50, 7, 27, 1, '2026-03-26 06:44:41', '2026-03-26 06:44:41'),
(1850, 50, 8, 31, 0, '2026-03-26 06:44:41', '2026-03-26 06:44:41'),
(1851, 50, 9, 33, 1, '2026-03-26 06:44:41', '2026-03-26 06:44:41'),
(1852, 50, 10, 39, 0, '2026-03-26 06:44:41', '2026-03-26 06:44:41'),
(1853, 50, 11, 42, 0, '2026-03-26 06:44:41', '2026-03-26 06:44:41'),
(1854, 50, 12, 45, 1, '2026-03-26 06:44:41', '2026-03-26 06:44:41'),
(1855, 50, 13, 49, 0, '2026-03-26 06:44:41', '2026-03-26 06:44:41'),
(1856, 50, 14, 56, 0, '2026-03-26 06:44:41', '2026-03-26 06:44:41'),
(1857, 50, 15, 59, 0, '2026-03-26 06:44:41', '2026-03-26 06:44:41'),
(1858, 50, 16, 62, 0, '2026-03-26 06:44:41', '2026-03-26 06:44:41'),
(1859, 50, 17, 66, 0, '2026-03-26 06:44:41', '2026-03-26 06:44:41'),
(1860, 50, 18, 71, 0, '2026-03-26 06:44:41', '2026-03-26 06:44:41'),
(1861, 50, 19, 74, 0, '2026-03-26 06:44:41', '2026-03-26 06:44:41'),
(1862, 50, 20, 79, 0, '2026-03-26 06:44:41', '2026-03-26 06:44:41'),
(1863, 50, 21, 81, 0, '2026-03-26 06:44:41', '2026-03-26 06:44:41'),
(1864, 50, 22, 88, 0, '2026-03-26 06:44:41', '2026-03-26 06:44:41'),
(1865, 50, 23, 91, 0, '2026-03-26 06:44:41', '2026-03-26 06:44:41'),
(1866, 50, 24, 95, 0, '2026-03-26 06:44:41', '2026-03-26 06:44:41'),
(1867, 50, 26, 97, 0, '2026-03-26 06:44:41', '2026-03-26 06:44:41'),
(1868, 50, 27, 100, 0, '2026-03-26 06:44:41', '2026-03-26 06:44:41'),
(1869, 50, 28, 101, 0, '2026-03-26 06:44:41', '2026-03-26 06:44:41'),
(1870, 50, 29, 103, 1, '2026-03-26 06:44:41', '2026-03-26 06:44:41'),
(1871, 50, 31, 105, 0, '2026-03-26 06:44:41', '2026-03-26 06:44:41'),
(1872, 50, 32, 107, 1, '2026-03-26 06:44:41', '2026-03-26 06:44:41'),
(1873, 50, 33, 110, 1, '2026-03-26 06:44:41', '2026-03-26 06:44:41'),
(1874, 50, 34, 112, 0, '2026-03-26 06:44:41', '2026-03-26 06:44:41'),
(1875, 51, 1, 1, 0, '2026-03-26 06:44:46', '2026-03-26 06:44:46'),
(1876, 51, 2, 7, 1, '2026-03-26 06:44:46', '2026-03-26 06:44:46'),
(1877, 51, 3, 9, 1, '2026-03-26 06:44:46', '2026-03-26 06:44:46'),
(1878, 51, 4, 16, 1, '2026-03-26 06:44:46', '2026-03-26 06:44:46'),
(1879, 51, 5, 19, 0, '2026-03-26 06:44:46', '2026-03-26 06:44:46'),
(1880, 51, 6, 23, 1, '2026-03-26 06:44:46', '2026-03-26 06:44:46'),
(1881, 51, 7, 27, 1, '2026-03-26 06:44:46', '2026-03-26 06:44:46'),
(1882, 51, 8, 29, 0, '2026-03-26 06:44:46', '2026-03-26 06:44:46'),
(1883, 51, 9, 33, 1, '2026-03-26 06:44:46', '2026-03-26 06:44:46'),
(1884, 51, 10, 39, 0, '2026-03-26 06:44:46', '2026-03-26 06:44:46'),
(1885, 51, 11, 42, 0, '2026-03-26 06:44:46', '2026-03-26 06:44:46'),
(1886, 51, 12, 45, 1, '2026-03-26 06:44:46', '2026-03-26 06:44:46'),
(1887, 51, 13, 50, 0, '2026-03-26 06:44:46', '2026-03-26 06:44:46'),
(1888, 51, 14, 53, 1, '2026-03-26 06:44:46', '2026-03-26 06:44:46'),
(1889, 51, 15, 57, 0, '2026-03-26 06:44:46', '2026-03-26 06:44:46'),
(1890, 51, 16, 63, 1, '2026-03-26 06:44:46', '2026-03-26 06:44:46'),
(1891, 51, 17, 65, 1, '2026-03-26 06:44:46', '2026-03-26 06:44:46'),
(1892, 51, 18, 69, 1, '2026-03-26 06:44:46', '2026-03-26 06:44:46'),
(1893, 51, 19, 73, 1, '2026-03-26 06:44:46', '2026-03-26 06:44:46'),
(1894, 51, 20, 80, 1, '2026-03-26 06:44:46', '2026-03-26 06:44:46'),
(1895, 51, 21, 84, 1, '2026-03-26 06:44:46', '2026-03-26 06:44:46'),
(1896, 51, 22, 87, 1, '2026-03-26 06:44:46', '2026-03-26 06:44:46'),
(1897, 51, 23, 90, 1, '2026-03-26 06:44:46', '2026-03-26 06:44:46'),
(1898, 51, 24, 96, 0, '2026-03-26 06:44:46', '2026-03-26 06:44:46'),
(1899, 51, 26, 97, 0, '2026-03-26 06:44:46', '2026-03-26 06:44:46'),
(1900, 51, 27, 99, 1, '2026-03-26 06:44:46', '2026-03-26 06:44:46'),
(1901, 51, 28, 102, 1, '2026-03-26 06:44:46', '2026-03-26 06:44:46'),
(1902, 51, 29, 103, 1, '2026-03-26 06:44:46', '2026-03-26 06:44:46'),
(1903, 51, 31, 105, 0, '2026-03-26 06:44:46', '2026-03-26 06:44:46'),
(1904, 51, 32, 107, 1, '2026-03-26 06:44:46', '2026-03-26 06:44:46'),
(1905, 51, 33, 109, 0, '2026-03-26 06:44:46', '2026-03-26 06:44:46'),
(1906, 51, 34, 111, 1, '2026-03-26 06:44:46', '2026-03-26 06:44:46'),
(1907, 51, 36, 113, 1, '2026-03-26 06:44:46', '2026-03-26 06:44:46'),
(1908, 51, 37, 116, 1, '2026-03-26 06:44:46', '2026-03-26 06:44:46'),
(1909, 51, 38, 117, 1, '2026-03-26 06:44:46', '2026-03-26 06:44:46'),
(1910, 51, 39, 119, 0, '2026-03-26 06:44:46', '2026-03-26 06:44:46'),
(1911, 51, 41, 121, 0, '2026-03-26 06:44:46', '2026-03-26 06:44:46'),
(1912, 51, 42, 123, 0, '2026-03-26 06:44:46', '2026-03-26 06:44:46'),
(1913, 51, 43, 125, 1, '2026-03-26 06:44:46', '2026-03-26 06:44:46'),
(1914, 51, 44, 128, 0, '2026-03-26 06:44:46', '2026-03-26 06:44:46'),
(1915, 52, 1, 2, 0, '2026-03-26 06:44:58', '2026-03-26 06:44:58'),
(1916, 52, 2, 5, 0, '2026-03-26 06:44:58', '2026-03-26 06:44:58'),
(1917, 52, 3, 12, 0, '2026-03-26 06:44:58', '2026-03-26 06:44:58'),
(1918, 52, 4, 16, 1, '2026-03-26 06:44:58', '2026-03-26 06:44:58'),
(1919, 52, 5, 19, 0, '2026-03-26 06:44:58', '2026-03-26 06:44:58'),
(1920, 52, 6, 24, 0, '2026-03-26 06:44:58', '2026-03-26 06:44:58'),
(1921, 52, 7, 27, 1, '2026-03-26 06:44:58', '2026-03-26 06:44:58'),
(1922, 52, 8, 29, 0, '2026-03-26 06:44:58', '2026-03-26 06:44:58'),
(1923, 52, 9, 35, 0, '2026-03-26 06:44:58', '2026-03-26 06:44:58'),
(1924, 52, 10, 39, 0, '2026-03-26 06:44:58', '2026-03-26 06:44:58'),
(1925, 52, 11, 41, 0, '2026-03-26 06:44:58', '2026-03-26 06:44:58'),
(1926, 52, 12, 46, 0, '2026-03-26 06:44:58', '2026-03-26 06:44:58'),
(1927, 52, 13, 50, 0, '2026-03-26 06:44:58', '2026-03-26 06:44:58'),
(1928, 52, 14, 56, 0, '2026-03-26 06:44:58', '2026-03-26 06:44:58'),
(1929, 52, 15, 57, 0, '2026-03-26 06:44:58', '2026-03-26 06:44:58'),
(1930, 52, 16, 63, 1, '2026-03-26 06:44:58', '2026-03-26 06:44:58'),
(1931, 52, 17, 68, 0, '2026-03-26 06:44:58', '2026-03-26 06:44:58'),
(1932, 52, 18, 69, 1, '2026-03-26 06:44:58', '2026-03-26 06:44:58'),
(1933, 52, 19, 76, 0, '2026-03-26 06:44:58', '2026-03-26 06:44:58'),
(1934, 52, 20, 80, 1, '2026-03-26 06:44:58', '2026-03-26 06:44:58'),
(1935, 52, 21, 83, 0, '2026-03-26 06:44:58', '2026-03-26 06:44:58'),
(1936, 52, 22, 86, 0, '2026-03-26 06:44:58', '2026-03-26 06:44:58'),
(1937, 52, 23, 89, 0, '2026-03-26 06:44:58', '2026-03-26 06:44:58'),
(1938, 52, 24, 96, 0, '2026-03-26 06:44:58', '2026-03-26 06:44:58'),
(1939, 52, 26, 97, 0, '2026-03-26 06:44:58', '2026-03-26 06:44:58'),
(1940, 52, 27, 99, 1, '2026-03-26 06:44:58', '2026-03-26 06:44:58'),
(1941, 52, 28, 102, 1, '2026-03-26 06:44:58', '2026-03-26 06:44:58'),
(1942, 52, 29, 104, 0, '2026-03-26 06:44:58', '2026-03-26 06:44:58'),
(1943, 52, 31, 106, 1, '2026-03-26 06:44:58', '2026-03-26 06:44:58'),
(1944, 52, 32, 107, 1, '2026-03-26 06:44:58', '2026-03-26 06:44:58'),
(1945, 52, 33, 109, 0, '2026-03-26 06:44:58', '2026-03-26 06:44:58'),
(1946, 52, 34, 112, 0, '2026-03-26 06:44:58', '2026-03-26 06:44:58'),
(1947, 52, 36, 113, 1, '2026-03-26 06:44:58', '2026-03-26 06:44:58'),
(1948, 52, 37, 116, 1, '2026-03-26 06:44:58', '2026-03-26 06:44:58');
INSERT INTO `attempt_answers` (`id`, `attempt_id`, `question_id`, `selected_answer_id`, `is_correct`, `created_at`, `updated_at`) VALUES
(1949, 52, 38, 117, 1, '2026-03-26 06:44:58', '2026-03-26 06:44:58'),
(1950, 52, 39, 120, 1, '2026-03-26 06:44:58', '2026-03-26 06:44:58'),
(1951, 52, 41, 122, 1, '2026-03-26 06:44:58', '2026-03-26 06:44:58'),
(1952, 52, 42, 123, 0, '2026-03-26 06:44:58', '2026-03-26 06:44:58'),
(1953, 52, 43, 125, 1, '2026-03-26 06:44:58', '2026-03-26 06:44:58'),
(1954, 52, 44, 128, 0, '2026-03-26 06:44:58', '2026-03-26 06:44:58'),
(1955, 53, 1, 4, 1, '2026-03-26 06:45:13', '2026-03-26 06:45:13'),
(1956, 53, 2, 7, 1, '2026-03-26 06:45:13', '2026-03-26 06:45:13'),
(1957, 53, 3, 9, 1, '2026-03-26 06:45:13', '2026-03-26 06:45:13'),
(1958, 53, 4, 16, 1, '2026-03-26 06:45:13', '2026-03-26 06:45:13'),
(1959, 53, 5, 20, 1, '2026-03-26 06:45:13', '2026-03-26 06:45:13'),
(1960, 53, 6, 21, 0, '2026-03-26 06:45:13', '2026-03-26 06:45:13'),
(1961, 53, 7, 25, 0, '2026-03-26 06:45:13', '2026-03-26 06:45:13'),
(1962, 53, 8, 31, 0, '2026-03-26 06:45:13', '2026-03-26 06:45:13'),
(1963, 53, 9, 33, 1, '2026-03-26 06:45:13', '2026-03-26 06:45:13'),
(1964, 53, 10, 38, 1, '2026-03-26 06:45:13', '2026-03-26 06:45:13'),
(1965, 54, 1, 3, 0, '2026-03-26 06:45:14', '2026-03-26 06:45:14'),
(1966, 54, 2, 7, 1, '2026-03-26 06:45:14', '2026-03-26 06:45:14'),
(1967, 54, 3, 9, 1, '2026-03-26 06:45:14', '2026-03-26 06:45:14'),
(1968, 55, 1, 4, 1, '2026-03-26 06:45:17', '2026-03-26 06:45:17'),
(1969, 55, 2, 7, 1, '2026-03-26 06:45:17', '2026-03-26 06:45:17'),
(1970, 55, 3, 9, 1, '2026-03-26 06:45:17', '2026-03-26 06:45:17'),
(1971, 55, 4, 16, 1, '2026-03-26 06:45:17', '2026-03-26 06:45:17'),
(1972, 55, 5, 20, 1, '2026-03-26 06:45:17', '2026-03-26 06:45:17'),
(1973, 55, 6, 23, 1, '2026-03-26 06:45:17', '2026-03-26 06:45:17'),
(1974, 55, 7, 27, 1, '2026-03-26 06:45:17', '2026-03-26 06:45:17'),
(1975, 55, 8, 30, 1, '2026-03-26 06:45:17', '2026-03-26 06:45:17'),
(1976, 55, 9, 35, 0, '2026-03-26 06:45:17', '2026-03-26 06:45:17'),
(1977, 55, 10, 38, 1, '2026-03-26 06:45:17', '2026-03-26 06:45:17'),
(1978, 55, 11, 44, 1, '2026-03-26 06:45:17', '2026-03-26 06:45:17'),
(1979, 55, 12, 45, 1, '2026-03-26 06:45:17', '2026-03-26 06:45:17'),
(1980, 55, 13, 52, 1, '2026-03-26 06:45:17', '2026-03-26 06:45:17'),
(1981, 55, 14, 53, 1, '2026-03-26 06:45:17', '2026-03-26 06:45:17'),
(1982, 55, 15, 59, 0, '2026-03-26 06:45:17', '2026-03-26 06:45:17'),
(1983, 55, 16, 63, 1, '2026-03-26 06:45:17', '2026-03-26 06:45:17'),
(1984, 55, 17, 65, 1, '2026-03-26 06:45:17', '2026-03-26 06:45:17'),
(1985, 55, 18, 69, 1, '2026-03-26 06:45:17', '2026-03-26 06:45:17'),
(1986, 55, 19, 73, 1, '2026-03-26 06:45:17', '2026-03-26 06:45:17'),
(1987, 55, 20, 80, 1, '2026-03-26 06:45:17', '2026-03-26 06:45:17'),
(1988, 55, 21, 81, 0, '2026-03-26 06:45:17', '2026-03-26 06:45:17'),
(1989, 55, 22, 87, 1, '2026-03-26 06:45:17', '2026-03-26 06:45:17'),
(1990, 55, 23, 90, 1, '2026-03-26 06:45:17', '2026-03-26 06:45:17'),
(1991, 55, 24, 94, 1, '2026-03-26 06:45:17', '2026-03-26 06:45:17'),
(1992, 55, 26, 98, 1, '2026-03-26 06:45:17', '2026-03-26 06:45:17'),
(1993, 55, 27, 99, 1, '2026-03-26 06:45:17', '2026-03-26 06:45:17'),
(1994, 55, 28, 102, 1, '2026-03-26 06:45:17', '2026-03-26 06:45:17'),
(1995, 55, 29, 103, 1, '2026-03-26 06:45:17', '2026-03-26 06:45:17'),
(1996, 55, 31, 106, 1, '2026-03-26 06:45:17', '2026-03-26 06:45:17'),
(1997, 55, 32, 107, 1, '2026-03-26 06:45:17', '2026-03-26 06:45:17'),
(1998, 55, 33, 110, 1, '2026-03-26 06:45:17', '2026-03-26 06:45:17'),
(1999, 55, 34, 111, 1, '2026-03-26 06:45:17', '2026-03-26 06:45:17'),
(2000, 56, 1, 4, 1, '2026-03-26 06:45:24', '2026-03-26 06:45:24'),
(2001, 56, 2, 6, 0, '2026-03-26 06:45:24', '2026-03-26 06:45:24'),
(2002, 56, 3, 9, 1, '2026-03-26 06:45:24', '2026-03-26 06:45:24'),
(2003, 56, 4, 14, 0, '2026-03-26 06:45:24', '2026-03-26 06:45:24'),
(2004, 56, 5, 19, 0, '2026-03-26 06:45:24', '2026-03-26 06:45:24'),
(2005, 56, 6, 21, 0, '2026-03-26 06:45:24', '2026-03-26 06:45:24'),
(2006, 56, 7, 28, 0, '2026-03-26 06:45:24', '2026-03-26 06:45:24'),
(2007, 56, 8, 30, 1, '2026-03-26 06:45:24', '2026-03-26 06:45:24'),
(2008, 56, 9, 35, 0, '2026-03-26 06:45:24', '2026-03-26 06:45:24'),
(2009, 56, 10, 39, 0, '2026-03-26 06:45:24', '2026-03-26 06:45:24'),
(2010, 56, 11, 43, 0, '2026-03-26 06:45:24', '2026-03-26 06:45:24'),
(2011, 56, 12, 45, 1, '2026-03-26 06:45:24', '2026-03-26 06:45:24'),
(2012, 56, 13, 51, 0, '2026-03-26 06:45:24', '2026-03-26 06:45:24'),
(2013, 56, 14, 53, 1, '2026-03-26 06:45:24', '2026-03-26 06:45:24'),
(2014, 56, 15, 57, 0, '2026-03-26 06:45:24', '2026-03-26 06:45:24'),
(2015, 56, 16, 61, 0, '2026-03-26 06:45:24', '2026-03-26 06:45:24'),
(2016, 56, 17, 65, 1, '2026-03-26 06:45:24', '2026-03-26 06:45:24'),
(2017, 56, 18, 71, 0, '2026-03-26 06:45:24', '2026-03-26 06:45:24'),
(2018, 56, 19, 73, 1, '2026-03-26 06:45:24', '2026-03-26 06:45:24'),
(2019, 56, 20, 80, 1, '2026-03-26 06:45:24', '2026-03-26 06:45:24'),
(2020, 56, 21, 82, 0, '2026-03-26 06:45:24', '2026-03-26 06:45:24'),
(2021, 56, 22, 87, 1, '2026-03-26 06:45:24', '2026-03-26 06:45:24'),
(2022, 56, 23, 90, 1, '2026-03-26 06:45:24', '2026-03-26 06:45:24'),
(2023, 56, 24, 96, 0, '2026-03-26 06:45:24', '2026-03-26 06:45:24'),
(2024, 56, 26, 97, 0, '2026-03-26 06:45:24', '2026-03-26 06:45:24'),
(2025, 56, 27, 99, 1, '2026-03-26 06:45:24', '2026-03-26 06:45:24'),
(2026, 56, 28, 102, 1, '2026-03-26 06:45:24', '2026-03-26 06:45:24'),
(2027, 56, 29, 103, 1, '2026-03-26 06:45:24', '2026-03-26 06:45:24'),
(2028, 56, 31, 106, 1, '2026-03-26 06:45:24', '2026-03-26 06:45:24'),
(2029, 56, 32, 107, 1, '2026-03-26 06:45:24', '2026-03-26 06:45:24'),
(2030, 56, 33, 110, 1, '2026-03-26 06:45:24', '2026-03-26 06:45:24'),
(2031, 56, 34, 111, 1, '2026-03-26 06:45:24', '2026-03-26 06:45:24'),
(2032, 57, 1, 4, 1, '2026-03-26 06:45:35', '2026-03-26 06:45:35'),
(2033, 57, 2, 7, 1, '2026-03-26 06:45:35', '2026-03-26 06:45:35'),
(2034, 57, 3, 9, 1, '2026-03-26 06:45:35', '2026-03-26 06:45:35'),
(2035, 57, 4, 16, 1, '2026-03-26 06:45:35', '2026-03-26 06:45:35'),
(2036, 57, 5, 19, 0, '2026-03-26 06:45:35', '2026-03-26 06:45:35'),
(2037, 57, 6, 21, 0, '2026-03-26 06:45:35', '2026-03-26 06:45:35'),
(2038, 57, 7, 28, 0, '2026-03-26 06:45:35', '2026-03-26 06:45:35'),
(2039, 57, 8, 29, 0, '2026-03-26 06:45:35', '2026-03-26 06:45:35'),
(2040, 57, 9, 35, 0, '2026-03-26 06:45:35', '2026-03-26 06:45:35'),
(2041, 57, 10, 39, 0, '2026-03-26 06:45:35', '2026-03-26 06:45:35'),
(2042, 57, 11, 41, 0, '2026-03-26 06:45:35', '2026-03-26 06:45:35'),
(2043, 57, 12, 45, 1, '2026-03-26 06:45:35', '2026-03-26 06:45:35'),
(2044, 57, 13, 51, 0, '2026-03-26 06:45:35', '2026-03-26 06:45:35'),
(2045, 57, 14, 53, 1, '2026-03-26 06:45:35', '2026-03-26 06:45:35'),
(2046, 57, 15, 59, 0, '2026-03-26 06:45:35', '2026-03-26 06:45:35'),
(2047, 57, 16, 61, 0, '2026-03-26 06:45:35', '2026-03-26 06:45:35'),
(2048, 57, 17, 65, 1, '2026-03-26 06:45:35', '2026-03-26 06:45:35'),
(2049, 57, 18, 71, 0, '2026-03-26 06:45:35', '2026-03-26 06:45:35'),
(2050, 57, 19, 73, 1, '2026-03-26 06:45:35', '2026-03-26 06:45:35'),
(2051, 57, 20, 79, 0, '2026-03-26 06:45:35', '2026-03-26 06:45:35'),
(2052, 57, 21, 83, 0, '2026-03-26 06:45:35', '2026-03-26 06:45:35'),
(2053, 57, 22, 87, 1, '2026-03-26 06:45:35', '2026-03-26 06:45:35'),
(2054, 57, 23, 90, 1, '2026-03-26 06:45:35', '2026-03-26 06:45:35'),
(2055, 57, 24, 93, 0, '2026-03-26 06:45:35', '2026-03-26 06:45:35'),
(2056, 57, 26, 98, 1, '2026-03-26 06:45:35', '2026-03-26 06:45:35'),
(2057, 57, 27, 99, 1, '2026-03-26 06:45:35', '2026-03-26 06:45:35'),
(2058, 57, 28, 102, 1, '2026-03-26 06:45:35', '2026-03-26 06:45:35'),
(2059, 57, 29, 103, 1, '2026-03-26 06:45:35', '2026-03-26 06:45:35'),
(2060, 57, 31, 105, 0, '2026-03-26 06:45:35', '2026-03-26 06:45:35'),
(2061, 57, 32, 107, 1, '2026-03-26 06:45:35', '2026-03-26 06:45:35'),
(2062, 57, 33, 110, 1, '2026-03-26 06:45:35', '2026-03-26 06:45:35'),
(2063, 57, 34, 111, 1, '2026-03-26 06:45:35', '2026-03-26 06:45:35'),
(2064, 57, 46, 129, 1, '2026-03-26 06:45:35', '2026-03-26 06:45:35'),
(2065, 57, 47, 132, 0, '2026-03-26 06:45:35', '2026-03-26 06:45:35'),
(2066, 57, 48, 133, 0, '2026-03-26 06:45:35', '2026-03-26 06:45:35'),
(2067, 57, 49, 136, 1, '2026-03-26 06:45:35', '2026-03-26 06:45:35'),
(2068, 57, 51, 138, 0, '2026-03-26 06:45:35', '2026-03-26 06:45:35'),
(2069, 57, 52, 139, 0, '2026-03-26 06:45:35', '2026-03-26 06:45:35'),
(2070, 57, 53, 141, 0, '2026-03-26 06:45:35', '2026-03-26 06:45:35'),
(2071, 57, 54, 144, 0, '2026-03-26 06:45:35', '2026-03-26 06:45:35'),
(2072, 58, 1, 4, 1, '2026-03-26 06:46:48', '2026-03-26 06:46:48'),
(2073, 58, 2, 6, 0, '2026-03-26 06:46:48', '2026-03-26 06:46:48'),
(2074, 58, 3, 9, 1, '2026-03-26 06:46:48', '2026-03-26 06:46:48'),
(2075, 58, 4, 14, 0, '2026-03-26 06:46:48', '2026-03-26 06:46:48'),
(2076, 58, 5, 20, 1, '2026-03-26 06:46:48', '2026-03-26 06:46:48'),
(2077, 58, 6, 24, 0, '2026-03-26 06:46:48', '2026-03-26 06:46:48'),
(2078, 58, 7, 25, 0, '2026-03-26 06:46:48', '2026-03-26 06:46:48'),
(2079, 58, 8, 29, 0, '2026-03-26 06:46:48', '2026-03-26 06:46:48'),
(2080, 58, 9, 33, 1, '2026-03-26 06:46:48', '2026-03-26 06:46:48'),
(2081, 58, 10, 38, 1, '2026-03-26 06:46:48', '2026-03-26 06:46:48'),
(2082, 58, 11, 43, 0, '2026-03-26 06:46:48', '2026-03-26 06:46:48'),
(2083, 58, 12, 46, 0, '2026-03-26 06:46:48', '2026-03-26 06:46:48'),
(2084, 58, 13, 50, 0, '2026-03-26 06:46:48', '2026-03-26 06:46:48'),
(2085, 58, 14, 56, 0, '2026-03-26 06:46:48', '2026-03-26 06:46:48'),
(2086, 58, 15, 59, 0, '2026-03-26 06:46:48', '2026-03-26 06:46:48'),
(2087, 58, 16, 62, 0, '2026-03-26 06:46:48', '2026-03-26 06:46:48'),
(2088, 58, 17, 67, 0, '2026-03-26 06:46:48', '2026-03-26 06:46:48'),
(2089, 58, 18, 70, 0, '2026-03-26 06:46:48', '2026-03-26 06:46:48'),
(2090, 58, 19, 73, 1, '2026-03-26 06:46:48', '2026-03-26 06:46:48'),
(2091, 58, 20, 78, 0, '2026-03-26 06:46:48', '2026-03-26 06:46:48'),
(2092, 58, 21, 81, 0, '2026-03-26 06:46:48', '2026-03-26 06:46:48'),
(2093, 58, 22, 87, 1, '2026-03-26 06:46:48', '2026-03-26 06:46:48'),
(2094, 58, 23, 90, 1, '2026-03-26 06:46:48', '2026-03-26 06:46:48'),
(2095, 58, 24, 94, 1, '2026-03-26 06:46:48', '2026-03-26 06:46:48'),
(2096, 58, 26, 97, 0, '2026-03-26 06:46:48', '2026-03-26 06:46:48'),
(2097, 58, 27, 100, 0, '2026-03-26 06:46:48', '2026-03-26 06:46:48'),
(2098, 58, 28, 101, 0, '2026-03-26 06:46:48', '2026-03-26 06:46:48'),
(2099, 58, 29, 103, 1, '2026-03-26 06:46:48', '2026-03-26 06:46:48'),
(2100, 58, 31, 105, 0, '2026-03-26 06:46:48', '2026-03-26 06:46:48'),
(2101, 58, 32, 107, 1, '2026-03-26 06:46:48', '2026-03-26 06:46:48'),
(2102, 58, 33, 110, 1, '2026-03-26 06:46:48', '2026-03-26 06:46:48'),
(2103, 58, 34, 112, 0, '2026-03-26 06:46:48', '2026-03-26 06:46:48'),
(2104, 58, 36, 113, 1, '2026-03-26 06:46:48', '2026-03-26 06:46:48'),
(2105, 58, 37, 115, 0, '2026-03-26 06:46:48', '2026-03-26 06:46:48'),
(2106, 58, 38, 118, 0, '2026-03-26 06:46:48', '2026-03-26 06:46:48'),
(2107, 58, 39, 120, 1, '2026-03-26 06:46:48', '2026-03-26 06:46:48'),
(2108, 58, 41, 122, 1, '2026-03-26 06:46:48', '2026-03-26 06:46:48'),
(2109, 58, 42, 123, 0, '2026-03-26 06:46:48', '2026-03-26 06:46:48'),
(2110, 58, 43, 126, 0, '2026-03-26 06:46:48', '2026-03-26 06:46:48'),
(2111, 58, 44, 128, 0, '2026-03-26 06:46:48', '2026-03-26 06:46:48'),
(2112, 59, 1, 4, 1, '2026-03-26 06:46:56', '2026-03-26 06:46:56'),
(2113, 59, 2, 7, 1, '2026-03-26 06:46:56', '2026-03-26 06:46:56'),
(2114, 59, 3, 9, 1, '2026-03-26 06:46:56', '2026-03-26 06:46:56'),
(2115, 59, 4, 16, 1, '2026-03-26 06:46:56', '2026-03-26 06:46:56'),
(2116, 59, 5, 20, 1, '2026-03-26 06:46:56', '2026-03-26 06:46:56'),
(2117, 59, 6, 23, 1, '2026-03-26 06:46:56', '2026-03-26 06:46:56'),
(2118, 59, 7, 27, 1, '2026-03-26 06:46:56', '2026-03-26 06:46:56'),
(2119, 59, 8, 32, 0, '2026-03-26 06:46:56', '2026-03-26 06:46:56'),
(2120, 59, 9, 34, 0, '2026-03-26 06:46:56', '2026-03-26 06:46:56'),
(2121, 59, 10, 38, 1, '2026-03-26 06:46:56', '2026-03-26 06:46:56'),
(2122, 59, 11, 44, 1, '2026-03-26 06:46:56', '2026-03-26 06:46:56'),
(2123, 59, 12, 45, 1, '2026-03-26 06:46:56', '2026-03-26 06:46:56'),
(2124, 59, 13, 52, 1, '2026-03-26 06:46:56', '2026-03-26 06:46:56'),
(2125, 59, 14, 53, 1, '2026-03-26 06:46:56', '2026-03-26 06:46:56'),
(2126, 59, 15, 59, 0, '2026-03-26 06:46:56', '2026-03-26 06:46:56'),
(2127, 59, 16, 63, 1, '2026-03-26 06:46:56', '2026-03-26 06:46:56'),
(2128, 59, 17, 65, 1, '2026-03-26 06:46:56', '2026-03-26 06:46:56'),
(2129, 59, 18, 69, 1, '2026-03-26 06:46:56', '2026-03-26 06:46:56'),
(2130, 59, 19, 73, 1, '2026-03-26 06:46:57', '2026-03-26 06:46:57'),
(2131, 59, 20, 80, 1, '2026-03-26 06:46:57', '2026-03-26 06:46:57'),
(2132, 59, 21, 81, 0, '2026-03-26 06:46:57', '2026-03-26 06:46:57'),
(2133, 59, 22, 87, 1, '2026-03-26 06:46:57', '2026-03-26 06:46:57'),
(2134, 59, 23, 90, 1, '2026-03-26 06:46:57', '2026-03-26 06:46:57'),
(2135, 59, 24, 94, 1, '2026-03-26 06:46:57', '2026-03-26 06:46:57'),
(2136, 59, 26, 98, 1, '2026-03-26 06:46:57', '2026-03-26 06:46:57'),
(2137, 59, 27, 99, 1, '2026-03-26 06:46:57', '2026-03-26 06:46:57'),
(2138, 59, 28, 102, 1, '2026-03-26 06:46:57', '2026-03-26 06:46:57'),
(2139, 59, 29, 103, 1, '2026-03-26 06:46:57', '2026-03-26 06:46:57'),
(2140, 59, 31, 106, 1, '2026-03-26 06:46:57', '2026-03-26 06:46:57'),
(2141, 59, 32, 107, 1, '2026-03-26 06:46:57', '2026-03-26 06:46:57'),
(2142, 59, 33, 110, 1, '2026-03-26 06:46:57', '2026-03-26 06:46:57'),
(2143, 59, 34, 111, 1, '2026-03-26 06:46:57', '2026-03-26 06:46:57'),
(2144, 60, 1, 4, 1, '2026-03-26 06:47:35', '2026-03-26 06:47:35'),
(2145, 60, 2, 7, 1, '2026-03-26 06:47:35', '2026-03-26 06:47:35'),
(2146, 60, 3, 9, 1, '2026-03-26 06:47:35', '2026-03-26 06:47:35'),
(2147, 60, 4, 13, 0, '2026-03-26 06:47:35', '2026-03-26 06:47:35'),
(2148, 60, 5, 18, 0, '2026-03-26 06:47:35', '2026-03-26 06:47:35'),
(2149, 60, 6, 21, 0, '2026-03-26 06:47:35', '2026-03-26 06:47:35'),
(2150, 60, 7, 28, 0, '2026-03-26 06:47:35', '2026-03-26 06:47:35'),
(2151, 60, 8, 29, 0, '2026-03-26 06:47:35', '2026-03-26 06:47:35'),
(2152, 60, 9, 33, 1, '2026-03-26 06:47:35', '2026-03-26 06:47:35'),
(2153, 60, 10, 37, 0, '2026-03-26 06:47:35', '2026-03-26 06:47:35'),
(2154, 60, 11, 43, 0, '2026-03-26 06:47:35', '2026-03-26 06:47:35'),
(2155, 60, 12, 47, 0, '2026-03-26 06:47:35', '2026-03-26 06:47:35'),
(2156, 60, 13, 51, 0, '2026-03-26 06:47:35', '2026-03-26 06:47:35'),
(2157, 60, 14, 56, 0, '2026-03-26 06:47:35', '2026-03-26 06:47:35'),
(2158, 60, 15, 57, 0, '2026-03-26 06:47:35', '2026-03-26 06:47:35'),
(2159, 60, 16, 63, 1, '2026-03-26 06:47:35', '2026-03-26 06:47:35'),
(2160, 60, 17, 67, 0, '2026-03-26 06:47:35', '2026-03-26 06:47:35'),
(2161, 60, 18, 71, 0, '2026-03-26 06:47:35', '2026-03-26 06:47:35'),
(2162, 60, 19, 75, 0, '2026-03-26 06:47:35', '2026-03-26 06:47:35'),
(2163, 60, 20, 79, 0, '2026-03-26 06:47:35', '2026-03-26 06:47:35'),
(2164, 60, 21, 82, 0, '2026-03-26 06:47:35', '2026-03-26 06:47:35'),
(2165, 60, 22, 88, 0, '2026-03-26 06:47:35', '2026-03-26 06:47:35'),
(2166, 60, 23, 90, 1, '2026-03-26 06:47:35', '2026-03-26 06:47:35'),
(2167, 60, 24, 94, 1, '2026-03-26 06:47:35', '2026-03-26 06:47:35'),
(2168, 60, 26, 97, 0, '2026-03-26 06:47:35', '2026-03-26 06:47:35'),
(2169, 60, 27, 100, 0, '2026-03-26 06:47:35', '2026-03-26 06:47:35'),
(2170, 60, 28, 101, 0, '2026-03-26 06:47:35', '2026-03-26 06:47:35'),
(2171, 60, 29, 104, 0, '2026-03-26 06:47:35', '2026-03-26 06:47:35'),
(2172, 60, 31, 105, 0, '2026-03-26 06:47:35', '2026-03-26 06:47:35'),
(2173, 60, 32, 108, 0, '2026-03-26 06:47:35', '2026-03-26 06:47:35'),
(2174, 60, 33, 109, 0, '2026-03-26 06:47:35', '2026-03-26 06:47:35'),
(2175, 60, 34, 112, 0, '2026-03-26 06:47:35', '2026-03-26 06:47:35'),
(2176, 60, 36, 113, 1, '2026-03-26 06:47:35', '2026-03-26 06:47:35'),
(2177, 60, 37, 116, 1, '2026-03-26 06:47:35', '2026-03-26 06:47:35'),
(2178, 60, 38, 117, 1, '2026-03-26 06:47:35', '2026-03-26 06:47:35'),
(2179, 60, 39, 120, 1, '2026-03-26 06:47:35', '2026-03-26 06:47:35'),
(2180, 60, 41, 121, 0, '2026-03-26 06:47:35', '2026-03-26 06:47:35'),
(2181, 60, 42, 124, 1, '2026-03-26 06:47:35', '2026-03-26 06:47:35'),
(2182, 60, 43, 125, 1, '2026-03-26 06:47:35', '2026-03-26 06:47:35'),
(2183, 60, 44, 128, 0, '2026-03-26 06:47:35', '2026-03-26 06:47:35'),
(2184, 61, 1, 4, 1, '2026-03-26 06:47:37', '2026-03-26 06:47:37'),
(2185, 61, 2, 8, 0, '2026-03-26 06:47:37', '2026-03-26 06:47:37'),
(2186, 61, 3, 9, 1, '2026-03-26 06:47:37', '2026-03-26 06:47:37'),
(2187, 61, 4, 16, 1, '2026-03-26 06:47:37', '2026-03-26 06:47:37'),
(2188, 61, 5, 17, 0, '2026-03-26 06:47:37', '2026-03-26 06:47:37'),
(2189, 61, 6, 22, 0, '2026-03-26 06:47:37', '2026-03-26 06:47:37'),
(2190, 61, 7, 27, 1, '2026-03-26 06:47:37', '2026-03-26 06:47:37'),
(2191, 61, 8, 30, 1, '2026-03-26 06:47:37', '2026-03-26 06:47:37'),
(2192, 61, 9, 36, 0, '2026-03-26 06:47:37', '2026-03-26 06:47:37'),
(2193, 61, 10, 39, 0, '2026-03-26 06:47:37', '2026-03-26 06:47:37'),
(2194, 61, 11, 44, 1, '2026-03-26 06:47:37', '2026-03-26 06:47:37'),
(2195, 61, 12, 45, 1, '2026-03-26 06:47:37', '2026-03-26 06:47:37'),
(2196, 61, 13, 51, 0, '2026-03-26 06:47:37', '2026-03-26 06:47:37'),
(2197, 61, 14, 53, 1, '2026-03-26 06:47:37', '2026-03-26 06:47:37'),
(2198, 61, 15, 57, 0, '2026-03-26 06:47:37', '2026-03-26 06:47:37'),
(2199, 61, 16, 63, 1, '2026-03-26 06:47:37', '2026-03-26 06:47:37'),
(2200, 61, 17, 65, 1, '2026-03-26 06:47:37', '2026-03-26 06:47:37'),
(2201, 61, 18, 69, 1, '2026-03-26 06:47:37', '2026-03-26 06:47:37'),
(2202, 61, 19, 73, 1, '2026-03-26 06:47:37', '2026-03-26 06:47:37'),
(2203, 61, 20, 80, 1, '2026-03-26 06:47:37', '2026-03-26 06:47:37'),
(2204, 61, 21, 81, 0, '2026-03-26 06:47:37', '2026-03-26 06:47:37'),
(2205, 61, 22, 87, 1, '2026-03-26 06:47:37', '2026-03-26 06:47:37'),
(2206, 61, 23, 90, 1, '2026-03-26 06:47:37', '2026-03-26 06:47:37'),
(2207, 61, 24, 96, 0, '2026-03-26 06:47:37', '2026-03-26 06:47:37'),
(2208, 61, 26, 98, 1, '2026-03-26 06:47:37', '2026-03-26 06:47:37'),
(2209, 61, 27, 99, 1, '2026-03-26 06:47:37', '2026-03-26 06:47:37'),
(2210, 61, 28, 101, 0, '2026-03-26 06:47:37', '2026-03-26 06:47:37'),
(2211, 61, 29, 103, 1, '2026-03-26 06:47:37', '2026-03-26 06:47:37'),
(2212, 61, 31, 105, 0, '2026-03-26 06:47:37', '2026-03-26 06:47:37'),
(2213, 61, 32, 108, 0, '2026-03-26 06:47:37', '2026-03-26 06:47:37'),
(2214, 61, 33, 110, 1, '2026-03-26 06:47:37', '2026-03-26 06:47:37'),
(2215, 61, 34, 111, 1, '2026-03-26 06:47:37', '2026-03-26 06:47:37'),
(2216, 61, 46, 129, 1, '2026-03-26 06:47:37', '2026-03-26 06:47:37'),
(2217, 61, 47, 131, 1, '2026-03-26 06:47:37', '2026-03-26 06:47:37'),
(2218, 61, 48, 134, 1, '2026-03-26 06:47:37', '2026-03-26 06:47:37'),
(2219, 61, 49, 136, 1, '2026-03-26 06:47:37', '2026-03-26 06:47:37'),
(2220, 61, 51, 138, 0, '2026-03-26 06:47:37', '2026-03-26 06:47:37'),
(2221, 61, 52, 139, 0, '2026-03-26 06:47:37', '2026-03-26 06:47:37'),
(2222, 61, 53, 141, 0, '2026-03-26 06:47:37', '2026-03-26 06:47:37'),
(2223, 61, 54, 143, 1, '2026-03-26 06:47:37', '2026-03-26 06:47:37'),
(2224, 62, 1, 4, 1, '2026-03-26 06:48:19', '2026-03-26 06:48:19'),
(2225, 62, 2, 7, 1, '2026-03-26 06:48:19', '2026-03-26 06:48:19'),
(2226, 62, 3, 9, 1, '2026-03-26 06:48:19', '2026-03-26 06:48:19'),
(2227, 62, 4, 16, 1, '2026-03-26 06:48:19', '2026-03-26 06:48:19'),
(2228, 62, 5, 20, 1, '2026-03-26 06:48:19', '2026-03-26 06:48:19'),
(2229, 62, 6, 23, 1, '2026-03-26 06:48:19', '2026-03-26 06:48:19'),
(2230, 62, 7, 27, 1, '2026-03-26 06:48:19', '2026-03-26 06:48:19'),
(2231, 62, 8, 30, 1, '2026-03-26 06:48:19', '2026-03-26 06:48:19'),
(2232, 62, 9, 34, 0, '2026-03-26 06:48:19', '2026-03-26 06:48:19'),
(2233, 62, 10, 38, 1, '2026-03-26 06:48:19', '2026-03-26 06:48:19'),
(2234, 62, 11, 44, 1, '2026-03-26 06:48:19', '2026-03-26 06:48:19'),
(2235, 62, 12, 45, 1, '2026-03-26 06:48:19', '2026-03-26 06:48:19'),
(2236, 62, 13, 52, 1, '2026-03-26 06:48:19', '2026-03-26 06:48:19'),
(2237, 62, 14, 53, 1, '2026-03-26 06:48:19', '2026-03-26 06:48:19'),
(2238, 62, 15, 58, 1, '2026-03-26 06:48:19', '2026-03-26 06:48:19'),
(2239, 62, 16, 63, 1, '2026-03-26 06:48:19', '2026-03-26 06:48:19'),
(2240, 62, 17, 65, 1, '2026-03-26 06:48:19', '2026-03-26 06:48:19'),
(2241, 62, 18, 69, 1, '2026-03-26 06:48:19', '2026-03-26 06:48:19'),
(2242, 62, 19, 73, 1, '2026-03-26 06:48:19', '2026-03-26 06:48:19'),
(2243, 62, 20, 80, 1, '2026-03-26 06:48:19', '2026-03-26 06:48:19'),
(2244, 62, 21, 83, 0, '2026-03-26 06:48:19', '2026-03-26 06:48:19'),
(2245, 62, 22, 87, 1, '2026-03-26 06:48:19', '2026-03-26 06:48:19'),
(2246, 62, 23, 90, 1, '2026-03-26 06:48:19', '2026-03-26 06:48:19'),
(2247, 62, 24, 94, 1, '2026-03-26 06:48:19', '2026-03-26 06:48:19'),
(2248, 62, 26, 97, 0, '2026-03-26 06:48:19', '2026-03-26 06:48:19'),
(2249, 62, 27, 100, 0, '2026-03-26 06:48:19', '2026-03-26 06:48:19'),
(2250, 62, 28, 101, 0, '2026-03-26 06:48:19', '2026-03-26 06:48:19'),
(2251, 62, 29, 103, 1, '2026-03-26 06:48:19', '2026-03-26 06:48:19'),
(2252, 62, 31, 106, 1, '2026-03-26 06:48:19', '2026-03-26 06:48:19'),
(2253, 62, 32, 107, 1, '2026-03-26 06:48:19', '2026-03-26 06:48:19'),
(2254, 62, 33, 110, 1, '2026-03-26 06:48:19', '2026-03-26 06:48:19'),
(2255, 62, 34, 111, 1, '2026-03-26 06:48:19', '2026-03-26 06:48:19'),
(2256, 62, 36, 113, 1, '2026-03-26 06:48:19', '2026-03-26 06:48:19'),
(2257, 62, 37, 115, 0, '2026-03-26 06:48:19', '2026-03-26 06:48:19'),
(2258, 62, 38, 118, 0, '2026-03-26 06:48:19', '2026-03-26 06:48:19'),
(2259, 62, 39, 120, 1, '2026-03-26 06:48:19', '2026-03-26 06:48:19'),
(2260, 62, 41, 121, 0, '2026-03-26 06:48:19', '2026-03-26 06:48:19'),
(2261, 62, 42, 124, 1, '2026-03-26 06:48:19', '2026-03-26 06:48:19'),
(2262, 62, 43, 125, 1, '2026-03-26 06:48:19', '2026-03-26 06:48:19'),
(2263, 62, 44, 128, 0, '2026-03-26 06:48:19', '2026-03-26 06:48:19'),
(2264, 63, 1, 2, 0, '2026-03-26 06:49:57', '2026-03-26 06:49:57'),
(2265, 63, 2, 7, 1, '2026-03-26 06:49:57', '2026-03-26 06:49:57'),
(2266, 63, 3, 9, 1, '2026-03-26 06:49:57', '2026-03-26 06:49:57'),
(2267, 63, 4, 16, 1, '2026-03-26 06:49:57', '2026-03-26 06:49:57'),
(2268, 63, 5, 18, 0, '2026-03-26 06:49:57', '2026-03-26 06:49:57'),
(2269, 63, 6, 23, 1, '2026-03-26 06:49:57', '2026-03-26 06:49:57'),
(2270, 63, 7, 28, 0, '2026-03-26 06:49:57', '2026-03-26 06:49:57'),
(2271, 63, 8, 29, 0, '2026-03-26 06:49:57', '2026-03-26 06:49:57'),
(2272, 63, 9, 34, 0, '2026-03-26 06:49:57', '2026-03-26 06:49:57'),
(2273, 63, 10, 40, 0, '2026-03-26 06:49:57', '2026-03-26 06:49:57'),
(2274, 63, 11, 44, 1, '2026-03-26 06:49:57', '2026-03-26 06:49:57'),
(2275, 63, 12, 47, 0, '2026-03-26 06:49:57', '2026-03-26 06:49:57'),
(2276, 63, 13, 51, 0, '2026-03-26 06:49:57', '2026-03-26 06:49:57'),
(2277, 63, 14, 55, 0, '2026-03-26 06:49:57', '2026-03-26 06:49:57'),
(2278, 63, 15, 58, 1, '2026-03-26 06:49:57', '2026-03-26 06:49:57'),
(2279, 63, 16, 63, 1, '2026-03-26 06:49:57', '2026-03-26 06:49:57'),
(2280, 63, 17, 67, 0, '2026-03-26 06:49:57', '2026-03-26 06:49:57'),
(2281, 63, 18, 69, 1, '2026-03-26 06:49:57', '2026-03-26 06:49:57'),
(2282, 63, 19, 73, 1, '2026-03-26 06:49:57', '2026-03-26 06:49:57'),
(2283, 63, 20, 80, 1, '2026-03-26 06:49:57', '2026-03-26 06:49:57'),
(2284, 63, 21, 82, 0, '2026-03-26 06:49:57', '2026-03-26 06:49:57'),
(2285, 63, 22, 87, 1, '2026-03-26 06:49:57', '2026-03-26 06:49:57'),
(2286, 63, 23, 90, 1, '2026-03-26 06:49:57', '2026-03-26 06:49:57'),
(2287, 63, 24, 94, 1, '2026-03-26 06:49:57', '2026-03-26 06:49:57'),
(2288, 63, 26, 97, 0, '2026-03-26 06:49:57', '2026-03-26 06:49:57'),
(2289, 63, 27, 99, 1, '2026-03-26 06:49:57', '2026-03-26 06:49:57'),
(2290, 63, 28, 101, 0, '2026-03-26 06:49:57', '2026-03-26 06:49:57'),
(2291, 63, 29, 103, 1, '2026-03-26 06:49:57', '2026-03-26 06:49:57'),
(2292, 63, 31, 106, 1, '2026-03-26 06:49:57', '2026-03-26 06:49:57'),
(2293, 63, 32, 107, 1, '2026-03-26 06:49:58', '2026-03-26 06:49:58'),
(2294, 63, 33, 109, 0, '2026-03-26 06:49:58', '2026-03-26 06:49:58'),
(2295, 63, 34, 112, 0, '2026-03-26 06:49:58', '2026-03-26 06:49:58'),
(2296, 63, 46, 129, 1, '2026-03-26 06:49:58', '2026-03-26 06:49:58'),
(2297, 63, 47, 132, 0, '2026-03-26 06:49:58', '2026-03-26 06:49:58'),
(2298, 63, 48, 133, 0, '2026-03-26 06:49:58', '2026-03-26 06:49:58'),
(2299, 63, 49, 136, 1, '2026-03-26 06:49:58', '2026-03-26 06:49:58'),
(2300, 63, 51, 138, 0, '2026-03-26 06:49:58', '2026-03-26 06:49:58'),
(2301, 63, 52, 140, 1, '2026-03-26 06:49:58', '2026-03-26 06:49:58'),
(2302, 63, 53, 141, 0, '2026-03-26 06:49:58', '2026-03-26 06:49:58'),
(2303, 63, 54, 143, 1, '2026-03-26 06:49:58', '2026-03-26 06:49:58'),
(2304, 64, 1, 2, 0, '2026-03-26 06:50:19', '2026-03-26 06:50:19'),
(2305, 64, 2, 5, 0, '2026-03-26 06:50:19', '2026-03-26 06:50:19'),
(2306, 64, 3, 9, 1, '2026-03-26 06:50:19', '2026-03-26 06:50:19'),
(2307, 64, 4, 13, 0, '2026-03-26 06:50:19', '2026-03-26 06:50:19'),
(2308, 64, 5, 19, 0, '2026-03-26 06:50:19', '2026-03-26 06:50:19'),
(2309, 64, 6, 23, 1, '2026-03-26 06:50:19', '2026-03-26 06:50:19'),
(2310, 64, 7, 28, 0, '2026-03-26 06:50:19', '2026-03-26 06:50:19'),
(2311, 64, 8, 30, 1, '2026-03-26 06:50:19', '2026-03-26 06:50:19'),
(2312, 64, 9, 33, 1, '2026-03-26 06:50:19', '2026-03-26 06:50:19'),
(2313, 64, 10, 37, 0, '2026-03-26 06:50:19', '2026-03-26 06:50:19'),
(2314, 64, 11, 42, 0, '2026-03-26 06:50:19', '2026-03-26 06:50:19'),
(2315, 64, 12, 45, 1, '2026-03-26 06:50:19', '2026-03-26 06:50:19'),
(2316, 64, 13, 50, 0, '2026-03-26 06:50:19', '2026-03-26 06:50:19'),
(2317, 64, 14, 53, 1, '2026-03-26 06:50:19', '2026-03-26 06:50:19'),
(2318, 64, 15, 57, 0, '2026-03-26 06:50:19', '2026-03-26 06:50:19'),
(2319, 64, 16, 61, 0, '2026-03-26 06:50:19', '2026-03-26 06:50:19'),
(2320, 64, 17, 65, 1, '2026-03-26 06:50:19', '2026-03-26 06:50:19'),
(2321, 64, 18, 69, 1, '2026-03-26 06:50:19', '2026-03-26 06:50:19'),
(2322, 64, 19, 73, 1, '2026-03-26 06:50:19', '2026-03-26 06:50:19'),
(2323, 64, 20, 80, 1, '2026-03-26 06:50:19', '2026-03-26 06:50:19'),
(2324, 64, 21, 83, 0, '2026-03-26 06:50:19', '2026-03-26 06:50:19'),
(2325, 64, 22, 87, 1, '2026-03-26 06:50:19', '2026-03-26 06:50:19'),
(2326, 64, 23, 90, 1, '2026-03-26 06:50:19', '2026-03-26 06:50:19'),
(2327, 64, 24, 94, 1, '2026-03-26 06:50:19', '2026-03-26 06:50:19'),
(2328, 64, 26, 98, 1, '2026-03-26 06:50:19', '2026-03-26 06:50:19'),
(2329, 64, 27, 100, 0, '2026-03-26 06:50:19', '2026-03-26 06:50:19'),
(2330, 64, 28, 101, 0, '2026-03-26 06:50:19', '2026-03-26 06:50:19'),
(2331, 64, 29, 103, 1, '2026-03-26 06:50:19', '2026-03-26 06:50:19'),
(2332, 64, 31, 105, 0, '2026-03-26 06:50:19', '2026-03-26 06:50:19'),
(2333, 64, 32, 107, 1, '2026-03-26 06:50:19', '2026-03-26 06:50:19'),
(2334, 64, 33, 110, 1, '2026-03-26 06:50:19', '2026-03-26 06:50:19'),
(2335, 64, 34, 111, 1, '2026-03-26 06:50:19', '2026-03-26 06:50:19'),
(2336, 64, 46, 129, 1, '2026-03-26 06:50:19', '2026-03-26 06:50:19'),
(2337, 64, 47, 131, 1, '2026-03-26 06:50:19', '2026-03-26 06:50:19'),
(2338, 64, 48, 134, 1, '2026-03-26 06:50:19', '2026-03-26 06:50:19'),
(2339, 64, 49, 135, 0, '2026-03-26 06:50:19', '2026-03-26 06:50:19'),
(2340, 64, 51, 137, 1, '2026-03-26 06:50:19', '2026-03-26 06:50:19'),
(2341, 64, 52, 139, 0, '2026-03-26 06:50:19', '2026-03-26 06:50:19'),
(2342, 64, 53, 142, 1, '2026-03-26 06:50:19', '2026-03-26 06:50:19'),
(2343, 64, 54, 144, 0, '2026-03-26 06:50:19', '2026-03-26 06:50:19'),
(2344, 65, 1, 2, 0, '2026-03-26 06:51:01', '2026-03-26 06:51:01'),
(2345, 65, 2, 5, 0, '2026-03-26 06:51:01', '2026-03-26 06:51:01'),
(2346, 65, 3, 9, 1, '2026-03-26 06:51:01', '2026-03-26 06:51:01'),
(2347, 65, 4, 14, 0, '2026-03-26 06:51:01', '2026-03-26 06:51:01'),
(2348, 65, 5, 19, 0, '2026-03-26 06:51:01', '2026-03-26 06:51:01'),
(2349, 65, 6, 21, 0, '2026-03-26 06:51:01', '2026-03-26 06:51:01'),
(2350, 65, 7, 28, 0, '2026-03-26 06:51:01', '2026-03-26 06:51:01'),
(2351, 65, 8, 29, 0, '2026-03-26 06:51:01', '2026-03-26 06:51:01'),
(2352, 65, 9, 35, 0, '2026-03-26 06:51:01', '2026-03-26 06:51:01'),
(2353, 65, 10, 38, 1, '2026-03-26 06:51:01', '2026-03-26 06:51:01'),
(2354, 65, 11, 42, 0, '2026-03-26 06:51:01', '2026-03-26 06:51:01'),
(2355, 65, 12, 45, 1, '2026-03-26 06:51:01', '2026-03-26 06:51:01'),
(2356, 65, 13, 50, 0, '2026-03-26 06:51:01', '2026-03-26 06:51:01'),
(2357, 65, 14, 56, 0, '2026-03-26 06:51:01', '2026-03-26 06:51:01'),
(2358, 65, 15, 58, 1, '2026-03-26 06:51:01', '2026-03-26 06:51:01'),
(2359, 65, 16, 63, 1, '2026-03-26 06:51:01', '2026-03-26 06:51:01'),
(2360, 65, 17, 68, 0, '2026-03-26 06:51:01', '2026-03-26 06:51:01'),
(2361, 65, 18, 69, 1, '2026-03-26 06:51:01', '2026-03-26 06:51:01'),
(2362, 65, 19, 73, 1, '2026-03-26 06:51:01', '2026-03-26 06:51:01'),
(2363, 65, 20, 80, 1, '2026-03-26 06:51:01', '2026-03-26 06:51:01'),
(2364, 65, 21, 84, 1, '2026-03-26 06:51:01', '2026-03-26 06:51:01'),
(2365, 65, 22, 87, 1, '2026-03-26 06:51:01', '2026-03-26 06:51:01'),
(2366, 65, 23, 90, 1, '2026-03-26 06:51:01', '2026-03-26 06:51:01'),
(2367, 65, 24, 94, 1, '2026-03-26 06:51:01', '2026-03-26 06:51:01'),
(2368, 65, 26, 98, 1, '2026-03-26 06:51:01', '2026-03-26 06:51:01'),
(2369, 65, 27, 99, 1, '2026-03-26 06:51:01', '2026-03-26 06:51:01'),
(2370, 65, 28, 102, 1, '2026-03-26 06:51:01', '2026-03-26 06:51:01'),
(2371, 65, 29, 103, 1, '2026-03-26 06:51:01', '2026-03-26 06:51:01'),
(2372, 65, 31, 106, 1, '2026-03-26 06:51:01', '2026-03-26 06:51:01'),
(2373, 65, 32, 107, 1, '2026-03-26 06:51:01', '2026-03-26 06:51:01'),
(2374, 65, 33, 110, 1, '2026-03-26 06:51:01', '2026-03-26 06:51:01'),
(2375, 65, 34, 111, 1, '2026-03-26 06:51:01', '2026-03-26 06:51:01'),
(2376, 65, 36, 113, 1, '2026-03-26 06:51:01', '2026-03-26 06:51:01'),
(2377, 65, 37, 115, 0, '2026-03-26 06:51:01', '2026-03-26 06:51:01'),
(2378, 65, 38, 118, 0, '2026-03-26 06:51:01', '2026-03-26 06:51:01'),
(2379, 65, 39, 120, 1, '2026-03-26 06:51:01', '2026-03-26 06:51:01'),
(2380, 65, 41, 122, 1, '2026-03-26 06:51:01', '2026-03-26 06:51:01'),
(2381, 65, 42, 124, 1, '2026-03-26 06:51:01', '2026-03-26 06:51:01'),
(2382, 65, 43, 125, 1, '2026-03-26 06:51:01', '2026-03-26 06:51:01'),
(2383, 65, 44, 127, 1, '2026-03-26 06:51:01', '2026-03-26 06:51:01'),
(2384, 66, 1, 4, 1, '2026-03-26 06:51:31', '2026-03-26 06:51:31'),
(2385, 66, 2, 7, 1, '2026-03-26 06:51:31', '2026-03-26 06:51:31'),
(2386, 66, 3, 9, 1, '2026-03-26 06:51:31', '2026-03-26 06:51:31'),
(2387, 66, 4, 16, 1, '2026-03-26 06:51:31', '2026-03-26 06:51:31'),
(2388, 66, 5, 20, 1, '2026-03-26 06:51:31', '2026-03-26 06:51:31'),
(2389, 66, 6, 23, 1, '2026-03-26 06:51:31', '2026-03-26 06:51:31'),
(2390, 66, 7, 27, 1, '2026-03-26 06:51:31', '2026-03-26 06:51:31'),
(2391, 66, 8, 29, 0, '2026-03-26 06:51:31', '2026-03-26 06:51:31'),
(2392, 66, 9, 35, 0, '2026-03-26 06:51:31', '2026-03-26 06:51:31'),
(2393, 66, 10, 38, 1, '2026-03-26 06:51:31', '2026-03-26 06:51:31'),
(2394, 66, 11, 44, 1, '2026-03-26 06:51:31', '2026-03-26 06:51:31'),
(2395, 66, 12, 45, 1, '2026-03-26 06:51:31', '2026-03-26 06:51:31'),
(2396, 66, 13, 52, 1, '2026-03-26 06:51:31', '2026-03-26 06:51:31'),
(2397, 66, 14, 53, 1, '2026-03-26 06:51:31', '2026-03-26 06:51:31'),
(2398, 66, 15, 58, 1, '2026-03-26 06:51:31', '2026-03-26 06:51:31'),
(2399, 66, 16, 63, 1, '2026-03-26 06:51:31', '2026-03-26 06:51:31'),
(2400, 66, 17, 65, 1, '2026-03-26 06:51:31', '2026-03-26 06:51:31'),
(2401, 66, 18, 69, 1, '2026-03-26 06:51:31', '2026-03-26 06:51:31'),
(2402, 66, 19, 73, 1, '2026-03-26 06:51:31', '2026-03-26 06:51:31'),
(2403, 66, 20, 77, 0, '2026-03-26 06:51:31', '2026-03-26 06:51:31'),
(2404, 66, 21, 81, 0, '2026-03-26 06:51:31', '2026-03-26 06:51:31'),
(2405, 66, 22, 87, 1, '2026-03-26 06:51:31', '2026-03-26 06:51:31'),
(2406, 66, 23, 90, 1, '2026-03-26 06:51:31', '2026-03-26 06:51:31'),
(2407, 66, 24, 94, 1, '2026-03-26 06:51:31', '2026-03-26 06:51:31'),
(2408, 66, 26, 98, 1, '2026-03-26 06:51:31', '2026-03-26 06:51:31'),
(2409, 66, 27, 99, 1, '2026-03-26 06:51:31', '2026-03-26 06:51:31'),
(2410, 66, 28, 101, 0, '2026-03-26 06:51:31', '2026-03-26 06:51:31'),
(2411, 66, 29, 104, 0, '2026-03-26 06:51:31', '2026-03-26 06:51:31'),
(2412, 66, 31, 105, 0, '2026-03-26 06:51:31', '2026-03-26 06:51:31'),
(2413, 66, 32, 107, 1, '2026-03-26 06:51:31', '2026-03-26 06:51:31'),
(2414, 66, 33, 110, 1, '2026-03-26 06:51:31', '2026-03-26 06:51:31'),
(2415, 66, 34, 112, 0, '2026-03-26 06:51:31', '2026-03-26 06:51:31'),
(2416, 66, 36, 113, 1, '2026-03-26 06:51:31', '2026-03-26 06:51:31'),
(2417, 66, 37, 116, 1, '2026-03-26 06:51:31', '2026-03-26 06:51:31'),
(2418, 66, 38, 117, 1, '2026-03-26 06:51:31', '2026-03-26 06:51:31'),
(2419, 66, 39, 120, 1, '2026-03-26 06:51:31', '2026-03-26 06:51:31'),
(2420, 66, 41, 122, 1, '2026-03-26 06:51:31', '2026-03-26 06:51:31'),
(2421, 66, 42, 124, 1, '2026-03-26 06:51:31', '2026-03-26 06:51:31'),
(2422, 66, 43, 126, 0, '2026-03-26 06:51:31', '2026-03-26 06:51:31'),
(2423, 66, 44, 128, 0, '2026-03-26 06:51:31', '2026-03-26 06:51:31'),
(2424, 67, 1, 1, 0, '2026-03-26 06:53:35', '2026-03-26 06:53:35'),
(2425, 68, 1, 2, 0, '2026-03-26 07:05:51', '2026-03-26 07:05:51'),
(2426, 68, 2, 7, 1, '2026-03-26 07:05:51', '2026-03-26 07:05:51'),
(2427, 68, 3, 9, 1, '2026-03-26 07:05:51', '2026-03-26 07:05:51'),
(2428, 68, 4, 16, 1, '2026-03-26 07:05:51', '2026-03-26 07:05:51'),
(2429, 68, 5, 17, 0, '2026-03-26 07:05:51', '2026-03-26 07:05:51'),
(2430, 68, 6, 23, 1, '2026-03-26 07:05:51', '2026-03-26 07:05:51'),
(2431, 68, 7, 25, 0, '2026-03-26 07:05:51', '2026-03-26 07:05:51'),
(2432, 68, 8, 30, 1, '2026-03-26 07:05:52', '2026-03-26 07:05:52'),
(2433, 68, 9, 34, 0, '2026-03-26 07:05:52', '2026-03-26 07:05:52'),
(2434, 68, 10, 37, 0, '2026-03-26 07:05:52', '2026-03-26 07:05:52'),
(2435, 68, 11, 42, 0, '2026-03-26 07:05:52', '2026-03-26 07:05:52'),
(2436, 68, 12, 45, 1, '2026-03-26 07:05:52', '2026-03-26 07:05:52'),
(2437, 68, 13, 49, 0, '2026-03-26 07:05:52', '2026-03-26 07:05:52'),
(2438, 68, 14, 54, 0, '2026-03-26 07:05:52', '2026-03-26 07:05:52'),
(2439, 68, 15, 57, 0, '2026-03-26 07:05:52', '2026-03-26 07:05:52'),
(2440, 68, 16, 62, 0, '2026-03-26 07:05:52', '2026-03-26 07:05:52'),
(2441, 68, 17, 67, 0, '2026-03-26 07:05:52', '2026-03-26 07:05:52'),
(2442, 68, 18, 69, 1, '2026-03-26 07:05:52', '2026-03-26 07:05:52'),
(2443, 68, 19, 75, 0, '2026-03-26 07:05:52', '2026-03-26 07:05:52'),
(2444, 68, 20, 80, 1, '2026-03-26 07:05:52', '2026-03-26 07:05:52'),
(2445, 68, 21, 81, 0, '2026-03-26 07:05:52', '2026-03-26 07:05:52'),
(2446, 68, 22, 88, 0, '2026-03-26 07:05:52', '2026-03-26 07:05:52'),
(2447, 68, 23, 90, 1, '2026-03-26 07:05:52', '2026-03-26 07:05:52'),
(2448, 68, 24, 93, 0, '2026-03-26 07:05:52', '2026-03-26 07:05:52'),
(2449, 68, 26, 98, 1, '2026-03-26 07:05:52', '2026-03-26 07:05:52'),
(2450, 68, 27, 99, 1, '2026-03-26 07:05:52', '2026-03-26 07:05:52'),
(2451, 68, 28, 102, 1, '2026-03-26 07:05:52', '2026-03-26 07:05:52'),
(2452, 68, 29, 103, 1, '2026-03-26 07:05:52', '2026-03-26 07:05:52'),
(2453, 68, 31, 105, 0, '2026-03-26 07:05:52', '2026-03-26 07:05:52'),
(2454, 68, 32, 107, 1, '2026-03-26 07:05:52', '2026-03-26 07:05:52'),
(2455, 68, 33, 110, 1, '2026-03-26 07:05:52', '2026-03-26 07:05:52'),
(2456, 68, 34, 112, 0, '2026-03-26 07:05:52', '2026-03-26 07:05:52'),
(2457, 68, 36, 113, 1, '2026-03-26 07:05:52', '2026-03-26 07:05:52'),
(2458, 68, 37, 115, 0, '2026-03-26 07:05:52', '2026-03-26 07:05:52'),
(2459, 68, 38, 118, 0, '2026-03-26 07:05:52', '2026-03-26 07:05:52'),
(2460, 68, 39, 120, 1, '2026-03-26 07:05:52', '2026-03-26 07:05:52'),
(2461, 68, 41, 121, 0, '2026-03-26 07:05:52', '2026-03-26 07:05:52'),
(2462, 68, 42, 124, 1, '2026-03-26 07:05:52', '2026-03-26 07:05:52'),
(2463, 68, 43, 125, 1, '2026-03-26 07:05:52', '2026-03-26 07:05:52'),
(2464, 68, 44, 127, 1, '2026-03-26 07:05:52', '2026-03-26 07:05:52'),
(2465, 69, 1, 3, 0, '2026-03-26 15:54:59', '2026-03-26 15:54:59'),
(2466, 69, 2, 7, 1, '2026-03-26 15:54:59', '2026-03-26 15:54:59'),
(2467, 69, 3, 9, 1, '2026-03-26 15:54:59', '2026-03-26 15:54:59'),
(2468, 69, 4, 16, 1, '2026-03-26 15:54:59', '2026-03-26 15:54:59'),
(2469, 69, 5, 17, 0, '2026-03-26 15:54:59', '2026-03-26 15:54:59'),
(2470, 69, 6, 24, 0, '2026-03-26 15:54:59', '2026-03-26 15:54:59'),
(2471, 69, 7, 28, 0, '2026-03-26 15:54:59', '2026-03-26 15:54:59'),
(2472, 69, 8, 29, 0, '2026-03-26 15:54:59', '2026-03-26 15:54:59'),
(2473, 69, 9, 34, 0, '2026-03-26 15:54:59', '2026-03-26 15:54:59'),
(2474, 69, 10, 37, 0, '2026-03-26 15:54:59', '2026-03-26 15:54:59'),
(2475, 69, 11, 42, 0, '2026-03-26 15:54:59', '2026-03-26 15:54:59'),
(2476, 69, 12, 45, 1, '2026-03-26 15:54:59', '2026-03-26 15:54:59'),
(2477, 69, 13, 49, 0, '2026-03-26 15:54:59', '2026-03-26 15:54:59'),
(2478, 69, 14, 53, 1, '2026-03-26 15:55:00', '2026-03-26 15:55:00'),
(2479, 69, 15, 57, 0, '2026-03-26 15:55:00', '2026-03-26 15:55:00'),
(2480, 69, 16, 63, 1, '2026-03-26 15:55:00', '2026-03-26 15:55:00'),
(2481, 69, 17, 65, 1, '2026-03-26 15:55:00', '2026-03-26 15:55:00'),
(2482, 69, 18, 71, 0, '2026-03-26 15:55:00', '2026-03-26 15:55:00'),
(2483, 69, 19, 73, 1, '2026-03-26 15:55:00', '2026-03-26 15:55:00'),
(2484, 69, 20, 80, 1, '2026-03-26 15:55:00', '2026-03-26 15:55:00'),
(2485, 69, 21, 81, 0, '2026-03-26 15:55:00', '2026-03-26 15:55:00'),
(2486, 69, 22, 87, 1, '2026-03-26 15:55:00', '2026-03-26 15:55:00'),
(2487, 69, 23, 90, 1, '2026-03-26 15:55:00', '2026-03-26 15:55:00'),
(2488, 69, 24, 93, 0, '2026-03-26 15:55:00', '2026-03-26 15:55:00'),
(2489, 69, 26, 97, 0, '2026-03-26 15:55:00', '2026-03-26 15:55:00'),
(2490, 69, 27, 100, 0, '2026-03-26 15:55:00', '2026-03-26 15:55:00'),
(2491, 69, 28, 101, 0, '2026-03-26 15:55:00', '2026-03-26 15:55:00'),
(2492, 69, 29, 104, 0, '2026-03-26 15:55:00', '2026-03-26 15:55:00'),
(2493, 69, 31, 106, 1, '2026-03-26 15:55:00', '2026-03-26 15:55:00'),
(2494, 69, 32, 108, 0, '2026-03-26 15:55:00', '2026-03-26 15:55:00'),
(2495, 69, 33, 109, 0, '2026-03-26 15:55:00', '2026-03-26 15:55:00'),
(2496, 69, 34, 111, 1, '2026-03-26 15:55:00', '2026-03-26 15:55:00'),
(2497, 69, 46, 129, 1, '2026-03-26 15:55:00', '2026-03-26 15:55:00'),
(2498, 69, 47, 131, 1, '2026-03-26 15:55:00', '2026-03-26 15:55:00'),
(2499, 69, 48, 134, 1, '2026-03-26 15:55:00', '2026-03-26 15:55:00'),
(2500, 69, 49, 136, 1, '2026-03-26 15:55:00', '2026-03-26 15:55:00'),
(2501, 69, 51, 138, 0, '2026-03-26 15:55:00', '2026-03-26 15:55:00'),
(2502, 69, 52, 139, 0, '2026-03-26 15:55:00', '2026-03-26 15:55:00'),
(2503, 69, 53, 141, 0, '2026-03-26 15:55:00', '2026-03-26 15:55:00'),
(2504, 69, 54, 143, 1, '2026-03-26 15:55:00', '2026-03-26 15:55:00');

-- --------------------------------------------------------

--
-- Cấu trúc bảng cho bảng `cache`
--

CREATE TABLE `cache` (
  `key` varchar(255) COLLATE utf8mb4_unicode_ci NOT NULL,
  `value` mediumtext COLLATE utf8mb4_unicode_ci NOT NULL,
  `expiration` int(11) NOT NULL
) ENGINE=InnoDB DEFAULT CHARSET=utf8mb4 COLLATE=utf8mb4_unicode_ci;

--
-- Đang đổ dữ liệu cho bảng `cache`
--

INSERT INTO `cache` (`key`, `value`, `expiration`) VALUES
('laravel-cache-admin@gmail.com|127.0.0.1', 'i:1;', 1768647858),
('laravel-cache-admin@gmail.com|127.0.0.1:timer', 'i:1768647858;', 1768647858),
('laravel-cache-gv01@gmail.com|125.235.213.92', 'i:2;', 1774501696),
('laravel-cache-gv01@gmail.com|125.235.213.92:timer', 'i:1774501696;', 1774501696),
('laravel-cache-hocsinh1@gmail.com|123.20.146.74', 'i:2;', 1774507235),
('laravel-cache-hocsinh1@gmail.com|123.20.146.74:timer', 'i:1774507235;', 1774507235),
('laravel-cache-hocsinh32@gmail.com|123.20.247.7', 'i:1;', 1774423762),
('laravel-cache-hocsinh32@gmail.com|123.20.247.7:timer', 'i:1774423762;', 1774423762),
('laravel-cache-hs01@gmail.com|125.235.210.39', 'i:1;', 1774590514),
('laravel-cache-hs01@gmail.com|125.235.210.39:timer', 'i:1774590514;', 1774590514),
('laravel-cache-hs100@gamil.com|123.20.146.74', 'i:2;', 1774507785),
('laravel-cache-hs100@gamil.com|123.20.146.74:timer', 'i:1774507785;', 1774507785),
('laravel-cache-hs18@gmai.com|123.20.146.74', 'i:1;', 1774507271),
('laravel-cache-hs18@gmai.com|123.20.146.74:timer', 'i:1774507271;', 1774507271),
('laravel-cache-hs37@example.com|123.20.247.7', 'i:1;', 1774423304),
('laravel-cache-hs37@example.com|123.20.247.7:timer', 'i:1774423304;', 1774423304),
('laravel-cache-hs41@gmail.com|123.20.247.7', 'i:2;', 1774423340),
('laravel-cache-hs41@gmail.com|123.20.247.7:timer', 'i:1774423340;', 1774423340),
('laravel-cache-hs6@gamil.com|123.20.247.7', 'i:1;', 1774423219),
('laravel-cache-hs6@gamil.com|123.20.247.7:timer', 'i:1774423219;', 1774423219),
('laravel-cache-hs9@gmail.com|42.114.206.246', 'i:2;', 1774415653),
('laravel-cache-hs9@gmail.com|42.114.206.246:timer', 'i:1774415653;', 1774415653),
('laravel-cache-student@gmail.com|127.0.0.1', 'i:2;', 1772034093),
('laravel-cache-student@gmail.com|127.0.0.1:timer', 'i:1772034093;', 1772034093),
('laravel-cache-teacher@gmail.com|42.114.206.246', 'i:1;', 1774607213),
('laravel-cache-teacher@gmail.com|42.114.206.246:timer', 'i:1774607213;', 1774607213),
('laravel-cache-toibingu1231232@gmail.com|123.20.146.74', 'i:7;', 1774507600),
('laravel-cache-toibingu1231232@gmail.com|123.20.146.74:timer', 'i:1774507600;', 1774507600),
('laravel-cache-vinhtuongnguyenphan@gmail.com|123.20.146.74', 'i:2;', 1774507237),
('laravel-cache-vinhtuongnguyenphan@gmail.com|123.20.146.74:timer', 'i:1774507237;', 1774507237);

-- --------------------------------------------------------

--
-- Cấu trúc bảng cho bảng `cache_locks`
--

CREATE TABLE `cache_locks` (
  `key` varchar(255) COLLATE utf8mb4_unicode_ci NOT NULL,
  `owner` varchar(255) COLLATE utf8mb4_unicode_ci NOT NULL,
  `expiration` int(11) NOT NULL
) ENGINE=InnoDB DEFAULT CHARSET=utf8mb4 COLLATE=utf8mb4_unicode_ci;

-- --------------------------------------------------------

--
-- Cấu trúc bảng cho bảng `chat_messages`
--

CREATE TABLE `chat_messages` (
  `id` bigint(20) UNSIGNED NOT NULL,
  `user_id` bigint(20) UNSIGNED NOT NULL,
  `message` text COLLATE utf8mb4_unicode_ci NOT NULL,
  `type` varchar(255) COLLATE utf8mb4_unicode_ci NOT NULL DEFAULT 'general',
  `created_at` timestamp NULL DEFAULT NULL,
  `updated_at` timestamp NULL DEFAULT NULL
) ENGINE=InnoDB DEFAULT CHARSET=utf8mb4 COLLATE=utf8mb4_unicode_ci;

--
-- Đang đổ dữ liệu cho bảng `chat_messages`
--

INSERT INTO `chat_messages` (`id`, `user_id`, `message`, `type`, `created_at`, `updated_at`) VALUES
(1, 2, 'woww', 'general', '2026-01-13 04:11:57', '2026-01-13 04:11:57'),
(2, 2, 'kkkkkk', 'general', '2026-01-13 04:15:58', '2026-01-13 04:15:58'),
(4, 1, 'Hôm nay thi lúc 13h00 mk: 123456', 'announcement', '2026-01-13 04:19:16', '2026-01-13 04:19:16'),
(5, 1, 'trật tự', 'general', '2026-01-13 04:19:46', '2026-01-13 04:19:46'),
(6, 1, '....', 'general', '2026-01-13 04:25:37', '2026-01-13 04:25:37'),
(7, 20, 'xuất sắc cô ơi', 'general', '2026-03-25 07:21:50', '2026-03-25 07:21:50'),
(14, 21, 'alo', 'general', '2026-03-26 06:33:56', '2026-03-26 06:33:56'),
(15, 31, 'hello Gia Huy', 'general', '2026-03-26 06:34:02', '2026-03-26 06:34:02'),
(17, 21, 'alo', 'general', '2026-03-26 06:34:09', '2026-03-26 06:34:09'),
(18, 33, 'z', 'general', '2026-03-26 06:34:17', '2026-03-26 06:34:17'),
(19, 37, 'hello', 'general', '2026-03-26 06:37:33', '2026-03-26 06:37:33'),
(21, 37, 'xin chao gia huy', 'general', '2026-03-26 06:38:16', '2026-03-26 06:38:16'),
(41, 32, 'ok', 'general', '2026-03-26 07:08:08', '2026-03-26 07:08:08');

-- --------------------------------------------------------

--
-- Cấu trúc bảng cho bảng `cognitive_levels`
--

CREATE TABLE `cognitive_levels` (
  `id` bigint(20) UNSIGNED NOT NULL,
  `name` varchar(255) COLLATE utf8mb4_unicode_ci NOT NULL,
  `created_at` timestamp NULL DEFAULT NULL,
  `updated_at` timestamp NULL DEFAULT NULL
) ENGINE=InnoDB DEFAULT CHARSET=utf8mb4 COLLATE=utf8mb4_unicode_ci;

--
-- Đang đổ dữ liệu cho bảng `cognitive_levels`
--

INSERT INTO `cognitive_levels` (`id`, `name`, `created_at`, `updated_at`) VALUES
(1, 'Nhận biết', NULL, NULL),
(2, 'Thông hiểu', NULL, NULL),
(3, 'Vận dụng', NULL, NULL);

-- --------------------------------------------------------

--
-- Cấu trúc bảng cho bảng `competencies`
--

CREATE TABLE `competencies` (
  `id` bigint(20) UNSIGNED NOT NULL,
  `code` varchar(255) COLLATE utf8mb4_unicode_ci NOT NULL,
  `description` text COLLATE utf8mb4_unicode_ci NOT NULL,
  `created_at` timestamp NULL DEFAULT NULL,
  `updated_at` timestamp NULL DEFAULT NULL
) ENGINE=InnoDB DEFAULT CHARSET=utf8mb4 COLLATE=utf8mb4_unicode_ci;

--
-- Đang đổ dữ liệu cho bảng `competencies`
--

INSERT INTO `competencies` (`id`, `code`, `description`, `created_at`, `updated_at`) VALUES
(1, 'NLa', 'Sử dụng và quản lí các phương tiện công nghệ thông tin và truyền thông', '2026-02-25 15:23:59', '2026-02-25 15:23:59'),
(2, 'NLb', 'Ứng xử phù hợp trong môi trường số', '2026-02-25 15:23:59', '2026-02-25 15:23:59'),
(3, 'NLc', 'Giải quyết vấn đề với sự hỗ trợ của công nghệ thông tin và truyền thông', '2026-02-25 15:23:59', '2026-02-25 15:23:59'),
(4, 'NLd', 'Ứng dụng công nghệ thông tin và truyền thông trong học và tự học', '2026-02-25 15:23:59', '2026-02-25 15:23:59'),
(5, 'NLe', 'Hợp tác trong môi trường số', '2026-02-25 15:23:59', '2026-02-25 15:23:59');

-- --------------------------------------------------------

--
-- Cấu trúc bảng cho bảng `core_contents`
--

CREATE TABLE `core_contents` (
  `id` bigint(20) UNSIGNED NOT NULL,
  `name` varchar(255) COLLATE utf8mb4_unicode_ci NOT NULL,
  `grade` tinyint(4) NOT NULL DEFAULT '10',
  `orientation` varchar(255) COLLATE utf8mb4_unicode_ci NOT NULL DEFAULT 'chung',
  `topic_id` bigint(20) UNSIGNED NOT NULL,
  `created_at` timestamp NULL DEFAULT NULL,
  `updated_at` timestamp NULL DEFAULT NULL
) ENGINE=InnoDB DEFAULT CHARSET=utf8mb4 COLLATE=utf8mb4_unicode_ci;

--
-- Đang đổ dữ liệu cho bảng `core_contents`
--

INSERT INTO `core_contents` (`id`, `name`, `grade`, `orientation`, `topic_id`, `created_at`, `updated_at`) VALUES
(1, 'Dữ liệu, thông tin và xử lí thông tin (Tin học và xử lí thông tin)', 10, 'chung', 1, '2026-02-25 15:23:59', '2026-02-25 15:23:59'),
(2, 'Vai trò của máy tính và các thiết bị thông minh (Tin học và xử lí thông tin)', 10, 'chung', 1, '2026-02-25 15:23:59', '2026-02-25 15:23:59'),
(3, 'Kĩ năng sử dụng thiết bị số của mỗi công dân', 10, 'chung', 1, '2026-02-25 15:23:59', '2026-02-25 15:23:59'),
(4, 'Biểu diễn thông tin (CS)', 10, 'cs', 1, '2026-02-25 15:23:59', '2026-02-25 15:23:59'),
(5, 'Khái niệm mạng máy tính, Internet, IoT. Phân loại mạng máy tính. (Internet hôm nay và ngày mai)', 10, 'chung', 2, '2026-02-25 15:23:59', '2026-02-25 15:23:59'),
(6, 'Sử dụng dịch vụ web. Tự bảo vệ khi tham gia mạng', 10, 'chung', 2, '2026-02-25 15:23:59', '2026-02-25 15:23:59'),
(7, 'Nghĩa vụ tuân thủ pháp lí trong môi trường số', 10, 'chung', 4, '2026-02-25 15:23:59', '2026-02-25 15:23:59'),
(8, '(ICT) - Phần mềm đồ hoạ', 10, 'ict', 5, '2026-02-25 15:23:59', '2026-02-25 15:23:59'),
(9, 'Lập trình cơ bản. (Môi trường và các yếu tố cơ bản của một ngôn ngữ lập trình bậc cao)', 10, 'chung', 6, '2026-02-25 15:23:59', '2026-02-25 15:23:59'),
(10, 'Chương trình con', 10, 'chung', 6, '2026-02-25 15:23:59', '2026-02-25 15:23:59'),
(11, 'Giải quyết bài toán bằng lập trình', 10, 'chung', 6, '2026-02-25 15:23:59', '2026-02-25 15:23:59'),
(12, 'Giới thiệu nhóm nghề thiết kế và lập trình', 10, 'chung', 7, '2026-02-25 15:23:59', '2026-02-25 15:23:59'),
(13, 'Khái niệm cơ bản về hệ điều hành và phần mềm ứng dụng', 11, 'chung', 1, '2026-02-25 15:23:59', '2026-02-25 15:23:59'),
(14, 'Phần mềm nguồn mở, phần mềm chạy trên Internet', 11, 'chung', 1, '2026-02-25 15:23:59', '2026-02-25 15:23:59'),
(15, 'Những bộ phận chính bên trong máy tính', 11, 'chung', 1, '2026-02-25 15:23:59', '2026-02-25 15:23:59'),
(16, 'Thế giới thiết bị số', 11, 'chung', 1, '2026-02-25 15:23:59', '2026-02-25 15:23:59'),
(17, 'Tìm kiếm và trao đổi thông tin trên mạng', 11, 'chung', 3, '2026-02-25 15:23:59', '2026-02-25 15:23:59'),
(18, 'Ứng xử văn hoá và an toàn trên mạng', 11, 'chung', 4, '2026-02-25 15:23:59', '2026-02-25 15:23:59'),
(19, 'Chỉnh sửa ảnh, tạo ảnh động (ICT - Phần mềm chỉnh sửa ảnh và làm video)', 11, 'ict', 5, '2026-02-25 15:23:59', '2026-02-25 15:23:59'),
(20, 'Làm phim hoạt hình, video (ICT - Phần mềm chỉnh sửa ảnh và làm video)', 11, 'ict', 5, '2026-02-25 15:23:59', '2026-02-25 15:23:59'),
(21, 'Giới thiệu các hệ Cơ sở dữ liệu', 11, 'chung', 6, '2026-02-25 15:23:59', '2026-02-25 15:23:59'),
(22, 'Thực hành tạo và cập nhật Cơ sở dữ liệu', 11, 'ict', 6, '2026-02-25 15:23:59', '2026-02-25 15:23:59'),
(23, 'Thực hành khai thác Cơ sở dữ liệu', 11, 'ict', 6, '2026-02-25 15:23:59', '2026-02-25 15:23:59'),
(24, 'Viết chương trình cho một số thuật toán sắp xếp, tìm kiếm cơ bản', 11, 'cs', 6, '2026-02-25 15:23:59', '2026-02-25 15:23:59'),
(25, 'Kiểm thử và đánh giá hiệu quả của chương trình', 11, 'cs', 6, '2026-02-25 15:23:59', '2026-02-25 15:23:59'),
(26, 'Phương pháp làm mịn dần và sử dụng mô đun trong lập trình', 11, 'cs', 6, '2026-02-25 15:23:59', '2026-02-25 15:23:59'),
(27, 'Tổ chức dữ liệu trong chương trình', 11, 'cs', 6, '2026-02-25 15:23:59', '2026-02-25 15:23:59'),
(28, 'Giới thiệu nghề Quản trị cơ sở dữ liệu', 11, 'chung', 7, '2026-02-25 15:23:59', '2026-02-25 15:23:59'),
(29, 'Giới thiệu Trí tuệ nhân tạo', 12, 'chung', 1, '2026-02-25 15:23:59', '2026-02-25 15:23:59'),
(30, '(ICT) – Thực hành kết nối thiết bị số', 12, 'ict', 1, '2026-02-25 15:23:59', '2026-02-25 15:23:59'),
(31, 'Thiết bị và giao thức mạng (Kết nối mạng)', 12, 'chung', 2, '2026-02-25 15:23:59', '2026-02-25 15:23:59'),
(32, 'Các chức năng mạng của hệ điều hành (Kết nối mạng)', 12, 'chung', 2, '2026-02-25 15:23:59', '2026-02-25 15:23:59'),
(33, 'Thiết lập, kết nối và sử dụng mạng trên thiết bị di động (Kết nối mạng)', 12, 'chung', 2, '2026-02-25 15:23:59', '2026-02-25 15:23:59'),
(34, '(CS) – Phác thảo thiết kế mạng máy tính', 12, 'cs', 2, '2026-02-25 15:23:59', '2026-02-25 15:23:59'),
(35, 'Giữ gìn tính nhân văn trong thế giới ảo', 12, 'chung', 4, '2026-02-25 15:23:59', '2026-02-25 15:23:59'),
(36, 'ICT - Thực hành sử dụng phần mềm tạo trang web', 12, 'ict', 5, '2026-02-25 15:23:59', '2026-02-25 15:23:59'),
(37, 'Cấu trúc trang web dưới dạng HTML ( Tạo trang web)', 12, 'chung', 6, '2026-02-25 15:23:59', '2026-02-25 15:23:59'),
(38, 'Sử dụng CSS trong tạo trang web ( Tạo trang web)', 12, 'chung', 6, '2026-02-25 15:23:59', '2026-02-25 15:23:59'),
(39, 'Giới thiệu Khoa học dữ liệu (CS – Giới thiệu Học máy và Khoa học dữ liệu)', 12, 'cs', 6, '2026-02-25 15:23:59', '2026-02-25 15:23:59'),
(40, 'Giới thiệu Học máy (CS – Giới thiệu Học máy và Khoa học dữ liệu)', 12, 'cs', 6, '2026-02-25 15:23:59', '2026-02-25 15:23:59'),
(41, '(CS) – Mô phỏng trong giải quyết vấn đề', 12, 'cs', 6, '2026-02-25 15:23:59', '2026-02-25 15:23:59'),
(42, 'Giới thiệu nhóm nghề dịch vụ và quản trị', 12, 'chung', 7, '2026-02-25 15:23:59', '2026-02-25 15:23:59'),
(43, 'Giới thiệu một số nghề ứng dụng tin học và một số ngành thuộc lĩnh vực tin học', 12, 'chung', 7, '2026-02-25 15:23:59', '2026-02-25 15:23:59'),
(44, 'An toàn thông tin', 12, 'chung', 3, '2026-02-25 15:23:59', '2026-02-25 15:23:59');

-- --------------------------------------------------------

--
-- Cấu trúc bảng cho bảng `documents`
--

CREATE TABLE `documents` (
  `id` bigint(20) UNSIGNED NOT NULL,
  `title` varchar(255) COLLATE utf8mb4_unicode_ci NOT NULL,
  `grade` tinyint(4) NOT NULL DEFAULT '10',
  `file_path` varchar(255) COLLATE utf8mb4_unicode_ci NOT NULL,
  `file_type` varchar(255) COLLATE utf8mb4_unicode_ci DEFAULT NULL,
  `file_size` bigint(20) UNSIGNED DEFAULT NULL,
  `topic_id` bigint(20) UNSIGNED NOT NULL,
  `user_id` bigint(20) UNSIGNED NOT NULL,
  `created_at` timestamp NULL DEFAULT NULL,
  `updated_at` timestamp NULL DEFAULT NULL
) ENGINE=InnoDB DEFAULT CHARSET=utf8mb4 COLLATE=utf8mb4_unicode_ci;

--
-- Đang đổ dữ liệu cho bảng `documents`
--

INSERT INTO `documents` (`id`, `title`, `grade`, `file_path`, `file_type`, `file_size`, `topic_id`, `user_id`, `created_at`, `updated_at`) VALUES
(1, 'Đề ôn chủ đề A', 10, '/storage/documents/C3wVC1E5F9eP5LtnKkI7gdAsD483h8N57ZStDmfG.docx', 'docx', 21242, 1, 1, '2026-02-25 17:13:39', '2026-02-25 17:13:39'),
(2, 'Câu lệnh lặp for', 10, '/storage/documents/GukAkeaRf2ZyWAFlwOIvYE7QK4ARELJZ6TzwJyTD.docx', 'docx', 20847, 6, 1, '2026-03-25 15:27:46', '2026-03-25 15:27:46');

-- --------------------------------------------------------

--
-- Cấu trúc bảng cho bảng `exams`
--

CREATE TABLE `exams` (
  `id` bigint(20) UNSIGNED NOT NULL,
  `title` varchar(255) COLLATE utf8mb4_unicode_ci NOT NULL,
  `description` varchar(200) COLLATE utf8mb4_unicode_ci DEFAULT NULL,
  `creator_id` bigint(20) UNSIGNED NOT NULL,
  `duration` int(11) NOT NULL,
  `is_public` tinyint(1) NOT NULL DEFAULT '0',
  `total_questions` int(11) NOT NULL DEFAULT '0',
  `status` enum('draft','published','closed') COLLATE utf8mb4_unicode_ci NOT NULL DEFAULT 'draft',
  `created_at` timestamp NULL DEFAULT NULL,
  `updated_at` timestamp NULL DEFAULT NULL,
  `deleted_at` timestamp NULL DEFAULT NULL
) ENGINE=InnoDB DEFAULT CHARSET=utf8mb4 COLLATE=utf8mb4_unicode_ci;

--
-- Đang đổ dữ liệu cho bảng `exams`
--

INSERT INTO `exams` (`id`, `title`, `description`, `creator_id`, `duration`, `is_public`, `total_questions`, `status`, `created_at`, `updated_at`, `deleted_at`) VALUES
(27, 'Đề thi tốt nghiệp THPT - môn Tin học năm 2025', 'Đây là đề thi chính thức môn Tin học của BGD&DT. Mã đề 101', 5, 45, 1, 30, 'draft', '2026-02-25 15:40:04', '2026-03-27 12:03:42', NULL),
(28, 'Ôn tập chủ đề A', 'Tổng hợp câu hỏi ôn tập chủ đề A', 1, 10, 1, 7, 'draft', '2026-03-27 10:33:26', '2026-03-27 10:33:26', NULL);

-- --------------------------------------------------------

--
-- Cấu trúc bảng cho bảng `exam_attempts`
--

CREATE TABLE `exam_attempts` (
  `id` bigint(20) UNSIGNED NOT NULL,
  `user_id` bigint(20) UNSIGNED NOT NULL,
  `exam_id` bigint(20) UNSIGNED NOT NULL,
  `exam_session_id` int(11) DEFAULT '0',
  `started_at` datetime NOT NULL,
  `submitted_at` datetime DEFAULT NULL,
  `total_score` double DEFAULT NULL,
  `created_at` timestamp NULL DEFAULT NULL,
  `updated_at` timestamp NULL DEFAULT NULL
) ENGINE=InnoDB DEFAULT CHARSET=utf8mb4 COLLATE=utf8mb4_unicode_ci;

--
-- Đang đổ dữ liệu cho bảng `exam_attempts`
--

INSERT INTO `exam_attempts` (`id`, `user_id`, `exam_id`, `exam_session_id`, `started_at`, `submitted_at`, `total_score`, `created_at`, `updated_at`) VALUES
(1, 2, 27, 0, '2026-02-25 23:32:17', '2026-02-25 23:32:17', 1.75, '2026-02-25 16:32:17', '2026-02-25 16:32:17'),
(2, 2, 27, 0, '2026-02-25 23:52:39', '2026-02-25 23:52:39', 1.75, '2026-02-25 16:52:39', '2026-02-25 16:52:39'),
(3, 2, 27, 0, '2026-02-25 23:57:57', '2026-02-25 23:57:57', 1.75, '2026-02-25 16:57:57', '2026-02-25 16:57:57'),
(4, 2, 27, 0, '2026-02-25 23:58:08', '2026-02-25 23:58:08', 1.75, '2026-02-25 16:58:08', '2026-02-25 16:58:08'),
(5, 2, 27, 0, '2026-02-26 00:02:21', '2026-02-26 00:02:21', 1.75, '2026-02-25 17:02:21', '2026-02-25 17:02:21'),
(6, 2, 27, 0, '2026-02-26 00:04:16', '2026-02-26 00:04:16', 1.75, '2026-02-25 17:04:16', '2026-02-25 17:04:16'),
(7, 2, 27, 0, '2026-03-02 20:31:20', '2026-03-02 20:31:20', 0.25, '2026-03-02 13:31:20', '2026-03-02 13:31:20'),
(8, 2, 27, 12, '2026-03-06 19:57:56', '2026-03-06 19:57:56', 1.75, '2026-03-06 12:57:56', '2026-03-06 12:57:56'),
(9, 2, 27, 12, '2026-03-06 21:44:12', '2026-03-06 21:44:12', 6, '2026-03-06 14:44:12', '2026-03-06 14:44:12'),
(10, 2, 27, 12, '2026-03-06 22:04:15', '2026-03-06 22:04:15', 6, '2026-03-06 15:04:15', '2026-03-06 15:04:15'),
(11, 2, 27, 0, '2026-03-25 12:38:56', '2026-03-25 12:38:56', 0, '2026-03-25 05:38:56', '2026-03-25 05:38:56'),
(12, 33, 27, 0, '2026-03-25 14:22:39', '2026-03-25 14:22:39', 2.35, '2026-03-25 07:22:39', '2026-03-25 07:22:39'),
(13, 34, 27, 0, '2026-03-25 14:24:21', '2026-03-25 14:24:21', 3.75, '2026-03-25 07:24:21', '2026-03-25 07:24:21'),
(14, 35, 27, 0, '2026-03-25 14:24:29', '2026-03-25 14:24:29', 2.1, '2026-03-25 07:24:29', '2026-03-25 07:24:29'),
(15, 60, 27, 0, '2026-03-25 14:24:29', '2026-03-25 14:24:29', 2.5, '2026-03-25 07:24:29', '2026-03-25 07:24:29'),
(16, 32, 27, 0, '2026-03-25 14:27:07', '2026-03-25 14:27:07', 4.25, '2026-03-25 07:27:07', '2026-03-25 07:27:07'),
(17, 23, 27, 0, '2026-03-25 14:27:29', '2026-03-25 14:27:29', 7.75, '2026-03-25 07:27:29', '2026-03-25 07:27:29'),
(18, 31, 27, 0, '2026-03-25 14:27:35', '2026-03-25 14:27:35', 5.5, '2026-03-25 07:27:35', '2026-03-25 07:27:36'),
(19, 24, 27, 0, '2026-03-25 14:28:01', '2026-03-25 14:28:01', 7.75, '2026-03-25 07:28:01', '2026-03-25 07:28:01'),
(20, 27, 27, 0, '2026-03-25 14:28:12', '2026-03-25 14:28:12', 7.75, '2026-03-25 07:28:12', '2026-03-25 07:28:12'),
(21, 30, 27, 0, '2026-03-25 14:28:56', '2026-03-25 14:28:56', 5.35, '2026-03-25 07:28:56', '2026-03-25 07:28:56'),
(22, 26, 27, 0, '2026-03-25 14:29:25', '2026-03-25 14:29:25', 4.85, '2026-03-25 07:29:25', '2026-03-25 07:29:26'),
(23, 25, 27, 0, '2026-03-25 14:29:29', '2026-03-25 14:29:29', 7.75, '2026-03-25 07:29:29', '2026-03-25 07:29:29'),
(24, 22, 27, 0, '2026-03-25 14:31:26', '2026-03-25 14:31:26', 3, '2026-03-25 07:31:26', '2026-03-25 07:31:26'),
(25, 41, 27, 0, '2026-03-25 14:31:46', '2026-03-25 14:31:46', 9.25, '2026-03-25 07:31:46', '2026-03-25 07:31:46'),
(26, 38, 27, 0, '2026-03-25 14:32:24', '2026-03-25 14:32:24', 10, '2026-03-25 07:32:25', '2026-03-25 07:32:25'),
(27, 42, 27, 0, '2026-03-25 14:33:26', '2026-03-25 14:33:26', 9.5, '2026-03-25 07:33:26', '2026-03-25 07:33:27'),
(31, 56, 27, 0, '2026-03-25 14:33:49', '2026-03-25 14:33:49', 4.1, '2026-03-25 07:33:49', '2026-03-25 07:33:49'),
(32, 37, 27, 0, '2026-03-25 14:34:08', '2026-03-25 14:34:08', 5, '2026-03-25 07:34:08', '2026-03-25 07:34:08'),
(33, 61, 27, 0, '2026-03-25 14:34:55', '2026-03-25 14:34:55', 6.25, '2026-03-25 07:34:55', '2026-03-25 07:34:55'),
(34, 43, 27, 0, '2026-03-25 14:35:53', '2026-03-25 14:35:53', 5.5, '2026-03-25 07:35:53', '2026-03-25 07:35:54'),
(35, 20, 27, 0, '2026-03-25 14:36:22', '2026-03-25 14:36:22', 5, '2026-03-25 07:36:22', '2026-03-25 07:36:23'),
(36, 21, 27, 0, '2026-03-25 14:37:35', '2026-03-25 14:37:35', 3.75, '2026-03-25 07:37:35', '2026-03-25 07:37:35'),
(37, 2, 27, 0, '2026-03-25 18:30:31', '2026-03-25 18:30:31', 7.25, '2026-03-25 11:30:31', '2026-03-25 11:30:31'),
(38, 2, 27, 0, '2026-03-25 18:40:48', '2026-03-25 18:40:48', 8.75, '2026-03-25 11:40:48', '2026-03-25 11:40:48'),
(39, 2, 27, 0, '2026-03-25 18:44:19', '2026-03-25 18:44:19', 8.25, '2026-03-25 11:44:19', '2026-03-25 11:44:19'),
(40, 42, 27, 0, '2026-03-25 19:12:26', '2026-03-25 19:12:26', 8.5, '2026-03-25 12:12:26', '2026-03-25 12:12:26'),
(42, 42, 27, 0, '2026-03-25 22:10:46', '2026-03-25 22:10:46', 10, '2026-03-25 15:10:46', '2026-03-25 15:10:46'),
(43, 20, 27, 0, '2026-03-25 22:50:29', '2026-03-25 22:50:29', 0, '2026-03-25 15:50:29', '2026-03-25 15:50:29'),
(44, 20, 27, 0, '2026-03-25 22:51:47', '2026-03-25 22:51:47', 3.1, '2026-03-25 15:51:47', '2026-03-25 15:51:47'),
(45, 31, 27, 0, '2026-03-26 13:38:27', '2026-03-26 13:38:27', 0, '2026-03-26 06:38:27', '2026-03-26 06:38:27'),
(46, 32, 27, 0, '2026-03-26 13:40:08', '2026-03-26 13:40:08', 0.75, '2026-03-26 06:40:08', '2026-03-26 06:40:08'),
(47, 31, 27, 0, '2026-03-26 13:40:25', '2026-03-26 13:40:25', 0.25, '2026-03-26 06:40:25', '2026-03-26 06:40:25'),
(48, 30, 27, 0, '2026-03-26 13:41:25', '2026-03-26 13:41:25', 0, '2026-03-26 06:41:25', '2026-03-26 06:41:25'),
(49, 45, 27, 0, '2026-03-26 13:43:53', '2026-03-26 13:43:53', 1.5, '2026-03-26 06:43:53', '2026-03-26 06:43:53'),
(50, 31, 27, 0, '2026-03-26 13:44:41', '2026-03-26 13:44:41', 1.85, '2026-03-26 06:44:41', '2026-03-26 06:44:41'),
(51, 20, 27, 21, '2026-03-26 13:44:46', '2026-03-26 13:44:46', 5.35, '2026-03-26 06:44:46', '2026-03-26 06:44:46'),
(52, 22, 27, 0, '2026-03-26 13:44:58', '2026-03-26 13:44:58', 3, '2026-03-26 06:44:58', '2026-03-26 06:44:58'),
(53, 32, 27, 0, '2026-03-26 13:45:13', '2026-03-26 13:45:13', 1.75, '2026-03-26 06:45:13', '2026-03-26 06:45:13'),
(54, 30, 27, 0, '2026-03-26 13:45:14', '2026-03-26 13:45:14', 0.5, '2026-03-26 06:45:14', '2026-03-26 06:45:14'),
(55, 33, 27, 0, '2026-03-26 13:45:17', '2026-03-26 13:45:17', 7.25, '2026-03-26 06:45:17', '2026-03-26 06:45:17'),
(56, 20, 27, 0, '2026-03-26 13:45:24', '2026-03-26 13:45:24', 4, '2026-03-26 06:45:24', '2026-03-26 06:45:24'),
(57, 24, 27, 0, '2026-03-26 13:45:35', '2026-03-26 13:45:35', 4.25, '2026-03-26 06:45:35', '2026-03-26 06:45:35'),
(58, 37, 27, 0, '2026-03-26 13:46:48', '2026-03-26 13:46:48', 2.95, '2026-03-26 06:46:48', '2026-03-26 06:46:49'),
(59, 37, 27, 0, '2026-03-26 13:46:56', '2026-03-26 13:46:56', 7, '2026-03-26 06:46:56', '2026-03-26 06:46:57'),
(60, 66, 27, 0, '2026-03-26 13:47:35', '2026-03-26 13:47:35', 3, '2026-03-26 06:47:35', '2026-03-26 06:47:35'),
(61, 33, 27, 0, '2026-03-26 13:47:37', '2026-03-26 13:47:37', 5.6, '2026-03-26 06:47:37', '2026-03-26 06:47:37'),
(62, 39, 27, 0, '2026-03-26 13:48:19', '2026-03-26 13:48:19', 7.1, '2026-03-26 06:48:19', '2026-03-26 06:48:19'),
(63, 31, 27, 0, '2026-03-26 13:49:57', '2026-03-26 13:49:57', 4.25, '2026-03-26 06:49:57', '2026-03-26 06:49:58'),
(64, 22, 27, 0, '2026-03-26 13:50:19', '2026-03-26 13:50:19', 4.75, '2026-03-26 06:50:19', '2026-03-26 06:50:19'),
(65, 21, 27, 0, '2026-03-26 13:51:01', '2026-03-26 13:51:01', 6.25, '2026-03-26 06:51:01', '2026-03-26 06:51:01'),
(66, 20, 27, 0, '2026-03-26 13:51:31', '2026-03-26 13:51:31', 6.75, '2026-03-26 06:51:31', '2026-03-26 06:51:31'),
(67, 31, 27, 0, '2026-03-26 13:53:35', '2026-03-26 13:53:35', 0, '2026-03-26 06:53:35', '2026-03-26 06:53:35'),
(68, 29, 27, 0, '2026-03-26 14:05:51', '2026-03-26 14:05:51', 4.25, '2026-03-26 07:05:51', '2026-03-26 07:05:52'),
(69, 6, 27, 0, '2026-03-26 22:54:59', '2026-03-26 22:54:59', 4.1, '2026-03-26 15:54:59', '2026-03-26 15:55:00');

-- --------------------------------------------------------

--
-- Cấu trúc bảng cho bảng `exam_questions`
--

CREATE TABLE `exam_questions` (
  `id` bigint(20) UNSIGNED NOT NULL,
  `exam_id` bigint(20) UNSIGNED NOT NULL,
  `question_id` bigint(20) UNSIGNED NOT NULL,
  `order` int(11) NOT NULL,
  `score_weight` double NOT NULL DEFAULT '0.25',
  `created_at` timestamp NULL DEFAULT NULL,
  `updated_at` timestamp NULL DEFAULT NULL
) ENGINE=InnoDB DEFAULT CHARSET=utf8mb4 COLLATE=utf8mb4_unicode_ci;

--
-- Đang đổ dữ liệu cho bảng `exam_questions`
--

INSERT INTO `exam_questions` (`id`, `exam_id`, `question_id`, `order`, `score_weight`, `created_at`, `updated_at`) VALUES
(1, 27, 1, 1, 0.25, '2026-02-25 15:40:04', '2026-03-27 12:03:42'),
(2, 27, 2, 2, 0.25, '2026-02-25 15:40:04', '2026-03-27 12:03:42'),
(3, 27, 3, 3, 0.25, '2026-02-25 15:40:04', '2026-03-27 12:03:42'),
(4, 27, 4, 4, 0.25, '2026-02-25 15:40:04', '2026-03-27 12:03:42'),
(5, 27, 5, 5, 0.25, '2026-02-25 15:40:04', '2026-03-27 12:03:42'),
(6, 27, 6, 6, 0.25, '2026-02-25 15:40:04', '2026-03-27 12:03:42'),
(7, 27, 7, 7, 0.25, '2026-02-25 15:40:04', '2026-03-27 12:03:42'),
(8, 27, 8, 8, 0.25, '2026-02-25 15:40:04', '2026-03-27 12:03:42'),
(9, 27, 9, 9, 0.25, '2026-02-25 15:40:04', '2026-03-27 12:03:42'),
(10, 27, 10, 10, 0.25, '2026-02-25 15:40:04', '2026-03-27 12:03:42'),
(11, 27, 11, 11, 0.25, '2026-02-25 15:40:04', '2026-03-27 12:03:42'),
(12, 27, 12, 12, 0.25, '2026-02-25 15:40:04', '2026-03-27 12:03:42'),
(13, 27, 13, 13, 0.25, '2026-02-25 15:40:04', '2026-03-27 12:03:42'),
(14, 27, 14, 14, 0.25, '2026-02-25 15:40:04', '2026-03-27 12:03:42'),
(15, 27, 15, 15, 0.25, '2026-02-25 15:40:04', '2026-03-27 12:03:42'),
(16, 27, 16, 16, 0.25, '2026-02-25 15:40:04', '2026-03-27 12:03:42'),
(17, 27, 17, 17, 0.25, '2026-02-25 15:40:04', '2026-03-27 12:03:42'),
(18, 27, 18, 18, 0.25, '2026-02-25 15:40:04', '2026-03-27 12:03:42'),
(19, 27, 19, 19, 0.25, '2026-02-25 15:40:04', '2026-03-27 12:03:42'),
(20, 27, 20, 20, 0.25, '2026-02-25 15:40:04', '2026-03-27 12:03:42'),
(21, 27, 21, 21, 0.25, '2026-02-25 15:40:04', '2026-03-27 12:03:42'),
(22, 27, 22, 22, 0.25, '2026-02-25 15:40:04', '2026-03-27 12:03:42'),
(23, 27, 23, 23, 0.25, '2026-02-25 15:40:04', '2026-03-27 12:03:42'),
(24, 27, 24, 24, 0.25, '2026-02-25 15:40:04', '2026-03-27 12:03:42'),
(25, 27, 25, 25, 0.25, '2026-02-25 15:40:04', '2026-03-27 12:03:42'),
(26, 27, 30, 26, 0.25, '2026-02-25 15:40:04', '2026-03-27 12:03:42'),
(27, 27, 35, 27, 0.25, '2026-02-25 15:40:04', '2026-03-27 12:03:42'),
(28, 27, 40, 28, 0.25, '2026-02-25 15:40:04', '2026-03-27 12:03:42'),
(29, 27, 45, 29, 0.25, '2026-02-25 15:40:04', '2026-03-27 12:03:42'),
(30, 27, 50, 30, 0.25, '2026-02-25 15:40:04', '2026-03-27 12:03:42'),
(31, 28, 63, 1, 0.25, '2026-03-27 10:33:26', '2026-03-27 10:33:26'),
(32, 28, 62, 2, 0.25, '2026-03-27 10:33:26', '2026-03-27 10:33:26'),
(33, 28, 55, 3, 0.25, '2026-03-27 10:33:26', '2026-03-27 10:33:26'),
(34, 28, 1, 4, 0.25, '2026-03-27 10:33:26', '2026-03-27 10:33:26'),
(35, 28, 4, 5, 0.25, '2026-03-27 10:33:26', '2026-03-27 10:33:26'),
(36, 28, 22, 6, 0.25, '2026-03-27 10:33:26', '2026-03-27 10:33:26'),
(37, 28, 23, 7, 0.25, '2026-03-27 10:33:26', '2026-03-27 10:33:26');

-- --------------------------------------------------------

--
-- Cấu trúc bảng cho bảng `exam_sessions`
--

CREATE TABLE `exam_sessions` (
  `id` bigint(20) UNSIGNED NOT NULL,
  `title` varchar(255) COLLATE utf8mb4_unicode_ci NOT NULL,
  `exam_id` bigint(20) UNSIGNED NOT NULL,
  `password` varchar(255) COLLATE utf8mb4_unicode_ci DEFAULT NULL,
  `teacher_id` bigint(20) UNSIGNED DEFAULT NULL,
  `start_at` datetime NOT NULL,
  `end_at` datetime NOT NULL,
  `created_at` timestamp NULL DEFAULT NULL,
  `updated_at` timestamp NULL DEFAULT NULL
) ENGINE=InnoDB DEFAULT CHARSET=utf8mb4 COLLATE=utf8mb4_unicode_ci;

--
-- Đang đổ dữ liệu cho bảng `exam_sessions`
--

INSERT INTO `exam_sessions` (`id`, `title`, `exam_id`, `password`, `teacher_id`, `start_at`, `end_at`, `created_at`, `updated_at`) VALUES
(12, 'thi thử', 27, '12345', 1, '2026-03-06 19:39:00', '2026-03-15 19:39:00', '2026-03-06 12:40:01', '2026-03-06 12:40:01'),
(21, 'Lớp 12A1', 27, NULL, 1, '2026-03-26 02:37:00', '2026-03-29 02:37:00', '2026-03-25 19:37:43', '2026-03-25 19:54:19');

-- --------------------------------------------------------

--
-- Cấu trúc bảng cho bảng `exam_session_students`
--

CREATE TABLE `exam_session_students` (
  `id` bigint(20) UNSIGNED NOT NULL,
  `exam_session_id` bigint(20) UNSIGNED NOT NULL,
  `student_email` varchar(255) COLLATE utf8mb4_unicode_ci NOT NULL,
  `student_name` varchar(255) COLLATE utf8mb4_unicode_ci NOT NULL,
  `user_id` bigint(20) UNSIGNED DEFAULT NULL,
  `created_at` timestamp NULL DEFAULT NULL,
  `updated_at` timestamp NULL DEFAULT NULL
) ENGINE=InnoDB DEFAULT CHARSET=utf8mb4 COLLATE=utf8mb4_unicode_ci;

--
-- Đang đổ dữ liệu cho bảng `exam_session_students`
--

INSERT INTO `exam_session_students` (`id`, `exam_session_id`, `student_email`, `student_name`, `user_id`, `created_at`, `updated_at`) VALUES
(5, 21, 'student@example.com', 'Em Học Sinh', 2, '2026-03-25 19:37:43', '2026-03-25 19:37:43'),
(6, 21, 'mthy@gmail.com', 'MThy', 7, '2026-03-25 19:37:43', '2026-03-25 19:37:43'),
(7, 21, 'hs1@gmail.com', 'Học sinh 1', 20, '2026-03-25 19:37:43', '2026-03-25 19:37:43'),
(8, 21, 'hs23@gmail.com', 'Học sinh 23', 42, '2026-03-25 19:37:43', '2026-03-25 19:37:43');

-- --------------------------------------------------------

--
-- Cấu trúc bảng cho bảng `failed_jobs`
--

CREATE TABLE `failed_jobs` (
  `id` bigint(20) UNSIGNED NOT NULL,
  `uuid` varchar(255) COLLATE utf8mb4_unicode_ci NOT NULL,
  `connection` text COLLATE utf8mb4_unicode_ci NOT NULL,
  `queue` text COLLATE utf8mb4_unicode_ci NOT NULL,
  `payload` longtext COLLATE utf8mb4_unicode_ci NOT NULL,
  `exception` longtext COLLATE utf8mb4_unicode_ci NOT NULL,
  `failed_at` timestamp NOT NULL DEFAULT CURRENT_TIMESTAMP
) ENGINE=InnoDB DEFAULT CHARSET=utf8mb4 COLLATE=utf8mb4_unicode_ci;

-- --------------------------------------------------------

--
-- Cấu trúc bảng cho bảng `jobs`
--

CREATE TABLE `jobs` (
  `id` bigint(20) UNSIGNED NOT NULL,
  `queue` varchar(255) COLLATE utf8mb4_unicode_ci NOT NULL,
  `payload` longtext COLLATE utf8mb4_unicode_ci NOT NULL,
  `attempts` tinyint(3) UNSIGNED NOT NULL,
  `reserved_at` int(10) UNSIGNED DEFAULT NULL,
  `available_at` int(10) UNSIGNED NOT NULL,
  `created_at` int(10) UNSIGNED NOT NULL
) ENGINE=InnoDB DEFAULT CHARSET=utf8mb4 COLLATE=utf8mb4_unicode_ci;

-- --------------------------------------------------------

--
-- Cấu trúc bảng cho bảng `job_batches`
--

CREATE TABLE `job_batches` (
  `id` varchar(255) COLLATE utf8mb4_unicode_ci NOT NULL,
  `name` varchar(255) COLLATE utf8mb4_unicode_ci NOT NULL,
  `total_jobs` int(11) NOT NULL,
  `pending_jobs` int(11) NOT NULL,
  `failed_jobs` int(11) NOT NULL,
  `failed_job_ids` longtext COLLATE utf8mb4_unicode_ci NOT NULL,
  `options` mediumtext COLLATE utf8mb4_unicode_ci,
  `cancelled_at` int(11) DEFAULT NULL,
  `created_at` int(11) NOT NULL,
  `finished_at` int(11) DEFAULT NULL
) ENGINE=InnoDB DEFAULT CHARSET=utf8mb4 COLLATE=utf8mb4_unicode_ci;

-- --------------------------------------------------------

--
-- Cấu trúc bảng cho bảng `learning_objectives`
--

CREATE TABLE `learning_objectives` (
  `id` bigint(20) UNSIGNED NOT NULL,
  `core_content_id` bigint(20) UNSIGNED DEFAULT NULL,
  `content` text COLLATE utf8mb4_unicode_ci NOT NULL,
  `topic_id` bigint(20) UNSIGNED NOT NULL,
  `created_at` timestamp NULL DEFAULT NULL,
  `updated_at` timestamp NULL DEFAULT NULL
) ENGINE=InnoDB DEFAULT CHARSET=utf8mb4 COLLATE=utf8mb4_unicode_ci;

--
-- Đang đổ dữ liệu cho bảng `learning_objectives`
--

INSERT INTO `learning_objectives` (`id`, `core_content_id`, `content`, `topic_id`, `created_at`, `updated_at`) VALUES
(1, 1, 'Phân biệt được thông tin và dữ liệu, nêu được ví dụ minh hoạ.', 1, '2026-02-25 15:23:59', '2026-02-25 15:23:59'),
(2, 1, 'Chuyển đổi được giữa các đơn vị lưu trữ thông tin như B, KB, MB,…', 1, '2026-02-25 15:23:59', '2026-02-25 15:23:59'),
(3, 1, 'Nêu được sự ưu việt của việc lưu trữ, xử lí và truyền thông tin bằng thiết bị số.', 1, '2026-02-25 15:23:59', '2026-02-25 15:23:59'),
(4, 2, 'Trình bày được những đóng góp cơ bản của tin học đối với xã hội, nêu được ví dụ minh hoạ.', 1, '2026-02-25 15:23:59', '2026-02-25 15:23:59'),
(5, 2, 'Nêu được ví dụ cụ thể về thiết bị thông minh. Giải thích được vai trò của những thiết bị thông minh đối với sự phát triển của xã hội và cuộc cách mạng công nghiệp 4.0.', 1, '2026-02-25 15:23:59', '2026-02-25 15:23:59'),
(6, 2, 'Nhận biết được một vài thiết bị số thông dụng khác ngoài máy tính để bàn và máy tính xách tay, giải thích được các thiết bị đó cũng là những hệ thống xử lí thông tin.', 1, '2026-02-25 15:23:59', '2026-02-25 15:23:59'),
(7, 2, 'Giới thiệu được các thành tựu nổi bật ở một số mốc thời gian để minh hoạ sự phát triển của ngành tin học.', 1, '2026-02-25 15:23:59', '2026-02-25 15:23:59'),
(8, 3, 'Khởi động được một số thiết bị số thông dụng, sử dụng được các tệp dữ liệu, các chức năng và phần mềm ứng dụng cơ bản cài sẵn trên các thiết bị đó.', 1, '2026-02-25 15:23:59', '2026-02-25 15:23:59'),
(9, 4, 'Thực hiện được các phép tính cơ bản AND, OR, NOT, giải thích được ứng dụng của hệ nhị phân trong tin học.', 1, '2026-02-25 15:23:59', '2026-02-25 15:23:59'),
(10, 4, 'Giải thích được sơ lược việc số hoá văn bản, hình ảnh và âm thanh.', 1, '2026-02-25 15:23:59', '2026-02-25 15:23:59'),
(11, 4, 'Giải thích được sơ lược về chức năng của bảng mã chuẩn quốc tế, ví dụ như Unicode.', 1, '2026-02-25 15:23:59', '2026-02-25 15:23:59'),
(12, 5, 'Trình bày được những thay đổi về chất lượng cuộc sống, phương thức học tập và làm việc trong xã hội có mạng máy tính được sử dụng phổ biến.', 2, '2026-02-25 15:23:59', '2026-02-25 15:23:59'),
(13, 5, 'So sánh được mạng LAN và Internet.', 2, '2026-02-25 15:23:59', '2026-02-25 15:23:59'),
(14, 5, 'Nêu được một số dịch vụ cụ thể mà Điện toán đám mây cung cấp cho người dùng.', 2, '2026-02-25 15:23:59', '2026-02-25 15:23:59'),
(15, 5, 'Nêu được khái niệm Internet vạn vật (IoT).', 2, '2026-02-25 15:23:59', '2026-02-25 15:23:59'),
(16, 5, 'Nêu được ví dụ cụ thể về thay đổi trong cuộc sống mà IoT đem lại; phát biểu được ý kiến cá nhân về lợi ích của IoT.', 2, '2026-02-25 15:23:59', '2026-02-25 15:23:59'),
(17, 6, 'Sử dụng được một số chức năng xử lí thông tin trên máy tính cá nhân và thiết bị số, ví dụ như dịch tự động văn bản hoặc nhận dạng giọng nói.', 2, '2026-02-25 15:23:59', '2026-02-25 15:23:59'),
(18, 6, 'Khai thác được một số nguồn học liệu mở trên Internet.', 2, '2026-02-25 15:23:59', '2026-02-25 15:23:59'),
(19, 6, 'Nêu được những nguy cơ và tác hại nếu tham gia các hoạt động trên Internet một cách bất cẩn và thiếu hiểu biết. Trình bày được một số cách phòng tránh các tác hại đó.', 2, '2026-02-25 15:23:59', '2026-02-25 15:23:59'),
(20, 6, 'Nêu được một số cách phòng vệ khi bị bắt nạt trên mạng.', 2, '2026-02-25 15:23:59', '2026-02-25 15:23:59'),
(21, 6, 'Biết cách tự bảo vệ dữ liệu cá nhân.', 2, '2026-02-25 15:23:59', '2026-02-25 15:23:59'),
(22, 6, 'Trình bày được sơ lược về phần mềm độc hại. Sử dụng được một số công cụ thông dụng để ngăn ngừa và diệt phần mềm độc hại.', 2, '2026-02-25 15:23:59', '2026-02-25 15:23:59'),
(23, 7, 'Nêu được một số vấn đề nảy sinh về pháp luật, đạo đức và văn hóa khi giao tiếp qua mạng trên diện rộng.', 4, '2026-02-25 15:23:59', '2026-02-25 15:23:59'),
(24, 7, 'Nêu được ví dụ minh họa sự vi phạm bản quyền thông tin và sản phẩm số; qua ví dụ đó giải thích được sự vi phạm đã diễn ra thế nào và có thể dẫn tới hậu quả gì.', 4, '2026-02-25 15:23:59', '2026-02-25 15:23:59'),
(25, 7, 'Trình bày và giải thích được một số nội dung cơ bản của Luật Công nghệ thông tin, Nghị định về quản lí, cung cấp, sử dụng các sản phẩm và dịch vụ CNTT, Luật An ninh mạng; nêu được ví dụ minh họa.', 4, '2026-02-25 15:23:59', '2026-02-25 15:23:59'),
(26, 7, 'Giải thích được một số khía cạnh pháp lí của vấn đề bản quyền, của việc sở hữu, sử dụng và trao đổi thông tin trong môi trường số; nêu được ví dụ minh họa.', 4, '2026-02-25 15:23:59', '2026-02-25 15:23:59'),
(27, 7, 'Vận dụng được Luật và Nghị định nêu trên để xác định được tính hợp pháp của một hành vi nào đó trong lĩnh vực quản lí, cung cấp, sử dụng các sản phẩm, dịch vụ Công nghệ thông tin.', 4, '2026-02-25 15:23:59', '2026-02-25 15:23:59'),
(28, 7, 'Nêu được ví dụ về những tác hại của việc chia sẻ và phổ biến thông tin một cách bất cẩn. Nêu được một vài biện pháp đơn giản và thông dụng nhằm nâng cao tính an toàn và hợp pháp.', 4, '2026-02-25 15:23:59', '2026-02-25 15:23:59'),
(29, 8, 'Sử dụng được một số chức năng cơ bản của phần mềm thiết kế đồ hoạ.', 5, '2026-02-25 15:23:59', '2026-02-25 15:23:59'),
(30, 8, 'Tạo được sản phẩm số đơn giản, hữu ích và thực tế như thiết kế logo, tạo banner, topic quảng cáo, băng-rôn, áp phích, poster và thiệp chúc mừng, …', 5, '2026-02-25 15:23:59', '2026-02-25 15:23:59'),
(31, 9, 'Viết và thực hiện được một vài chương trình có sử dụng hằng, biến, các cấu trúc điều khiển, các toán tử, các kiểu dữ liệu chuẩn và mảng, các câu lệnh vào – ra.', 6, '2026-02-25 15:23:59', '2026-02-25 15:23:59'),
(32, 10, 'Viết được chương trình có sử dụng chương trình con trong thư viện chuẩn.', 6, '2026-02-25 15:23:59', '2026-02-25 15:23:59'),
(33, 10, 'Viết được chương trình con biểu diễn một thuật toán đơn giản và viết được chương trình có sử dụng chương trình con đó.', 6, '2026-02-25 15:23:59', '2026-02-25 15:23:59'),
(34, 11, 'Đọc hiểu được chương trình đơn giản.', 6, '2026-02-25 15:23:59', '2026-02-25 15:23:59'),
(35, 11, 'Kiểm thử và gỡ lỗi được chương trình.', 6, '2026-02-25 15:23:59', '2026-02-25 15:23:59'),
(36, 11, 'Viết và thực hiện được chương trình giải quyết bài toán đơn giản có vận dụng kiến thức liên môn.', 6, '2026-02-25 15:23:59', '2026-02-25 15:23:59'),
(37, 12, 'Trình bày được thông tin hướng nghiệp về nhóm nghề Thiết kế và Lập trình thông qua phân tích nghiệp vụ của một số nghề điển hình.', 7, '2026-02-25 15:23:59', '2026-02-25 15:23:59'),
(38, 12, 'Tự tìm kiếm và khai thác được thông tin hướng nghiệp về một vài ngành nghề khác trong lĩnh vực tin học.', 7, '2026-02-25 15:23:59', '2026-02-25 15:23:59'),
(39, 12, 'Giao lưu được với bạn bè qua các kênh truyền thông tin số để tham khảo và trao đổi ý kiến về những thông tin trên.', 7, '2026-02-25 15:23:59', '2026-02-25 15:23:59'),
(40, 13, 'Trình bày được sơ lược lịch sử phát triển của hai hệ điều hành thông dụng cho PC.', 1, '2026-02-25 15:23:59', '2026-02-25 15:23:59'),
(41, 13, 'Sử dụng được một số chức năng cơ bản của một trong hai hệ điều hành đó.', 1, '2026-02-25 15:23:59', '2026-02-25 15:23:59'),
(42, 13, 'Trình bày được vài nét chính về một hệ điều hành thông dụng cho thiết bị di động và sử dụng được một số tiện ích cơ bản.', 1, '2026-02-25 15:23:59', '2026-02-25 15:23:59'),
(43, 13, 'Trình bày được một cách khái quát mối quan hệ giữa phần cứng, hệ điều hành và phần mềm ứng dụng.', 1, '2026-02-25 15:23:59', '2026-02-25 15:23:59'),
(44, 14, 'Trình bày được một số khái niệm có liên quan tới phần mềm nguồn mở như quyền phần mềm, giấy phép công cộng, phần mềm miễn phí.', 1, '2026-02-25 15:23:59', '2026-02-25 15:23:59'),
(45, 14, 'So sánh được phần mềm nguồn mở với phần mềm thương mại (nguồn đóng).', 1, '2026-02-25 15:23:59', '2026-02-25 15:23:59'),
(46, 14, 'Nêu được vai trò của phần mềm nguồn mở và phần mềm thương mại đối với sự phát triển của CNTT.', 1, '2026-02-25 15:23:59', '2026-02-25 15:23:59'),
(47, 14, 'Nêu được tên một số phần mềm soạn thảo văn bản, trình chiếu nguồn mở.', 1, '2026-02-25 15:23:59', '2026-02-25 15:23:59'),
(48, 14, 'Sử dụng được một số tiện ích có sẵn của hệ điều hành để nâng cao hiệu suất sử dụng máy tính.', 1, '2026-02-25 15:23:59', '2026-02-25 15:23:59'),
(49, 14, 'Kích hoạt và sử dụng được một vài chức năng cơ bản của một phần mềm soạn thảo văn bản, bảng tính, trình chiếu chạy trên Internet.', 1, '2026-02-25 15:23:59', '2026-02-25 15:23:59'),
(50, 15, 'Nhận diện được hình dạng, mô tả được chức năng của các bộ phận chính bên trong máy tính như CPU, RAM và các thiết bị lưu trữ.', 1, '2026-02-25 15:23:59', '2026-02-25 15:23:59'),
(51, 15, 'Nêu được tên và giải thích được đơn vị đo dung lượng của các thiết bị lưu trữ như GB, TB.', 1, '2026-02-25 15:23:59', '2026-02-25 15:23:59'),
(52, 15, 'Nhận biết được sơ đồ cấu trúc các mạch logic AND, OR, NOT; giải thích được vai trò của các mạch logic đó trong thực hiện các tính toán nhị phân.', 1, '2026-02-25 15:23:59', '2026-02-25 15:23:59'),
(53, 16, 'Tuỳ chỉnh được một vài chức năng cơ bản của máy tính và các thiết bị vào – ra thông dụng.', 1, '2026-02-25 15:23:59', '2026-02-25 15:23:59'),
(54, 16, 'Đọc hiểu được một số điểm chính trong tài liệu hướng dẫn về thiết bị số thông dụng; thực hiện được một số thông số định dạng tối ưu.', 1, '2026-02-25 15:23:59', '2026-02-25 15:23:59'),
(55, 16, 'Đọc hiểu và giải thích được một số thông số cơ bản như kích thước màn hình, CPU, RAM, dung lượng lưu trữ, độ phân giải camera,…', 1, '2026-02-25 15:23:59', '2026-02-25 15:23:59'),
(56, 16, 'Biết được cách kết nối các bộ phận như bàn phím, bàn chuột, màn hình của máy tính với nhau.', 1, '2026-02-25 15:23:59', '2026-02-25 15:23:59'),
(57, 16, 'Biết được cách kết nối PC với các thiết bị số thông dụng như máy in, điện thoại thông minh và máy ảnh số.', 1, '2026-02-25 15:23:59', '2026-02-25 15:23:59'),
(58, 17, 'Sử dụng được một số công cụ trực tuyến như Google Drive hay Dropbox…', 3, '2026-02-25 15:23:59', '2026-02-25 15:23:59'),
(59, 17, 'Sử dụng được máy tìm kiếm trên PC và thiết bị số thông minh để tìm kiếm thông tin bằng cách gõ từ khoá hoặc bằng tiếng nói.', 3, '2026-02-25 15:23:59', '2026-02-25 15:23:59'),
(60, 17, 'Xác lập được các lựa chọn theo tiêu chí tìm kiếm để nâng cao hiệu quả tìm kiếm thông tin.', 3, '2026-02-25 15:23:59', '2026-02-25 15:23:59'),
(61, 17, 'Sử dụng được những chức năng nâng cao của dịch vụ mạng xã hội.', 3, '2026-02-25 15:23:59', '2026-02-25 15:23:59'),
(62, 17, 'Biết cách phân loại và đánh dấu các email.', 3, '2026-02-25 15:23:59', '2026-02-25 15:23:59'),
(63, 18, 'Nêu được một số dạng lừa đảo phổ biến trên mạng và những biện pháp phòng tránh.', 4, '2026-02-25 15:23:59', '2026-02-25 15:23:59'),
(64, 18, 'Giao tiếp được trên mạng qua email, chat, mạng xã hội,... và trong môi trường số một cách văn minh.', 4, '2026-02-25 15:23:59', '2026-02-25 15:23:59'),
(65, 19, 'Thực hiện được các thao tác xử lí ảnh cơ bản: cắt, phóng to, thu nhỏ, di chuyển, tẩy xoá ảnh và tạo ảnh động.', 5, '2026-02-25 15:23:59', '2026-02-25 15:23:59'),
(66, 20, 'Tạo được các đoạn phim, nhập tư liệu từ ảnh và video có sẵn, biên tập được đoạn phim phục vụ học tập và giải trí.', 5, '2026-02-25 15:23:59', '2026-02-25 15:23:59'),
(67, 20, 'Sử dụng được một số công cụ cơ bản biên tập phim: chỉnh sửa hình ảnh, âm thanh, tạo phụ đề, tạo các hiệu ứng chuyển cảnh, căn chỉnh thời gian.', 5, '2026-02-25 15:23:59', '2026-02-25 15:23:59'),
(68, 20, 'Tạo được đoạn phim hoạt hình từ ảnh, có hội thoại giữa các nhân vật và có phụ đề.', 5, '2026-02-25 15:23:59', '2026-02-25 15:23:59'),
(69, 21, 'Nhận biết được nhu cầu lưu trữ dữ liệu và khai thác thông tin cho bài toán quản lí.', 6, '2026-02-25 15:23:59', '2026-02-25 15:23:59'),
(70, 21, 'Diễn đạt được khái niệm hệ Cơ sở dữ liệu; các khái niệm cơ bản trong mô hình Cơ sở dữ liệu quan hệ như bảng, khóa, khóa ngoài, truy vấn, cập nhật dữ liệu.', 6, '2026-02-25 15:23:59', '2026-02-25 15:23:59'),
(71, 21, 'Nêu được những khái niệm cơ bản của Cơ sở dữ liệu; giải thích được các khái niệm đó qua ví dụ minh họa.', 6, '2026-02-25 15:23:59', '2026-02-25 15:23:59'),
(72, 21, 'Phân biệt được hai loại kiến trúc hệ Cơ sở dữ liệu là tập trung và phân tán.', 6, '2026-02-25 15:23:59', '2026-02-25 15:23:59'),
(73, 21, 'Nêu được tầm quan trọng và một số biện pháp bảo mật hệ Cơ sở dữ liệu.', 6, '2026-02-25 15:23:59', '2026-02-25 15:23:59'),
(74, 22, 'Tạo được các bảng và chỉ định được khóa cho mỗi bảng; thiết lập được mối quan hệ giữa các bảng qua việc chỉ định khóa ngoài.', 6, '2026-02-25 15:23:59', '2026-02-25 15:23:59'),
(75, 22, 'Thực hiện được việc cập nhật Cơ sở dữ liệu.', 6, '2026-02-25 15:23:59', '2026-02-25 15:23:59'),
(76, 22, 'Nêu được một vài tổ chức cần ứng dụng Cơ sở dữ liệu để quản lí hoạt động của mình.', 6, '2026-02-25 15:23:59', '2026-02-25 15:23:59'),
(77, 22, 'Thể hiện được tính cẩn thận, chăm chỉ, trách nhiệm trong việc lưu trữ và quản lí dữ liệu.', 6, '2026-02-25 15:23:59', '2026-02-25 15:23:59'),
(78, 23, 'Sử dụng được các truy vấn để tìm kiếm và kết xuất thông tin từ Cơ sở dữ liệu.', 6, '2026-02-25 15:23:59', '2026-02-25 15:23:59'),
(79, 23, 'Nêu được một vài nhận xét so sánh kết quả thực hành với một phần mềm quản lí do giáo viên giới thiệu hoặc đã từng biết.', 6, '2026-02-25 15:23:59', '2026-02-25 15:23:59'),
(80, 23, 'Giải thích được tính ưu việt của việc quản lí dữ liệu một cách khoa học nhờ ứng dụng Cơ sở dữ liệu.', 6, '2026-02-25 15:23:59', '2026-02-25 15:23:59'),
(81, 23, 'Tìm hiểu được thêm một vài chức năng của hệ Quản trị cơ sở dữ liệu.', 6, '2026-02-25 15:23:59', '2026-02-25 15:23:59'),
(82, 24, 'Phát biểu được bài toán sắp xếp và bài toán tìm kiếm.', 6, '2026-02-25 15:23:59', '2026-02-25 15:23:59'),
(83, 24, 'Viết được chương trình cho một vài thuật toán sắp xếp và tìm kiếm.', 6, '2026-02-25 15:23:59', '2026-02-25 15:23:59'),
(84, 24, 'Vận dụng được các thuật toán đã học để giải quyết bài toán cụ thể.', 6, '2026-02-25 15:23:59', '2026-02-25 15:23:59'),
(85, 25, 'Biết được việc kiểm thử giúp lập trình viên phát hiện lỗi, làm tăng độ tin cậy của chương trình nhưng chưa chứng minh được tính đúng của chương trình.', 6, '2026-02-25 15:23:59', '2026-02-25 15:23:59'),
(86, 25, 'Trình bày được sơ lược khái niệm độ phức tạp thời gian của thuật toán và phép toán tích cực. Nêu được ví dụ minh họa.', 6, '2026-02-25 15:23:59', '2026-02-25 15:23:59'),
(87, 25, 'Vận dụng được những quy tắc thực hành xác định độ phức tạp thời gian của một số thuật toán, chương trình đã biết.', 6, '2026-02-25 15:23:59', '2026-02-25 15:23:59'),
(88, 26, 'Giải thích và vận dụng được phương pháp làm mịn dần trong lập trình.', 6, '2026-02-25 15:23:59', '2026-02-25 15:23:59'),
(89, 26, 'Giải thích và vận dụng được phương pháp thiết kế chương trình thành các mô đun cho một bài toán cụ thể.', 6, '2026-02-25 15:23:59', '2026-02-25 15:23:59'),
(90, 26, 'Nhận biết được lợi ích của phương pháp nêu trên trong việc hỗ trợ làm việc đồng thời, dễ dàng bảo trì, phát triển chương trình và tái sử dụng mô đun.', 6, '2026-02-25 15:23:59', '2026-02-25 15:23:59'),
(91, 27, 'Trình bày được cấu trúc dữ liệu mảng (một và hai chiều) và danh sách liên kết.', 6, '2026-02-25 15:23:59', '2026-02-25 15:23:59'),
(92, 27, 'Tạo được một thư viện nhỏ và viết được chương trình có sử dụng thư viện vừa tạo ra.', 6, '2026-02-25 15:23:59', '2026-02-25 15:23:59'),
(93, 27, 'Viết được chương trình vận dụng những kiến thức tích hợp liên môn để giải quyết vấn đề.', 6, '2026-02-25 15:23:59', '2026-02-25 15:23:59'),
(94, 28, 'Trình bày được thông tin hướng nghiệp về nghề Quản trị cơ sở dữ liệu.', 7, '2026-02-25 15:23:59', '2026-02-25 15:23:59'),
(95, 28, 'Tự tìm kiếm và khai thác được thông tin hướng nghiệp về một vài ngành nghề khác trong lĩnh vực tin học.', 7, '2026-02-25 15:23:59', '2026-02-25 15:23:59'),
(96, 28, 'Giao lưu được với bạn bè qua các kênh truyền thông số để tham khảo và trao đổi ý kiến.', 7, '2026-02-25 15:23:59', '2026-02-25 15:23:59'),
(97, 29, 'Giải thích được sơ lược về khái niệm Trí tuệ nhân tạo (AI – Artificial Intelligence).', 1, '2026-02-25 15:23:59', '2026-02-25 15:23:59'),
(98, 29, 'Nêu được ví dụ minh họa cho một số ứng dụng điển hình của AI như điều khiển tự động, chẩn đoán bệnh, nhận dạng chữ viết tay...', 1, '2026-02-25 15:23:59', '2026-02-25 15:23:59'),
(99, 29, 'Chỉ ra được một số lĩnh vực của khoa học công nghệ và đời sống đã và đang phát triển mạnh mẽ dựa trên những thành tựu lớn của AI.', 1, '2026-02-25 15:23:59', '2026-02-25 15:23:59'),
(100, 29, 'Nêu được ví dụ để thấy một hệ thống AI có tri thức, có khả năng suy luận và khả năng học.', 1, '2026-02-25 15:23:59', '2026-02-25 15:23:59'),
(101, 29, 'Nêu được một cảnh báo về sự phát triển của AI trong tương lai.', 1, '2026-02-25 15:23:59', '2026-02-25 15:23:59'),
(102, 30, 'Kết nối được PC với các thiết bị số thông dụng như điện thoại di động, ti vi có khả năng kết nối Internet, vòng đeo tay thông minh, thiết bị thực tế ảo,…', 1, '2026-02-25 15:23:59', '2026-02-25 15:23:59'),
(103, 31, 'Nêu được chức năng chính của một số thiết bị mạng thông dụng, ví dụ như Access Point, Switch, Modem. Kết nối được các thiết bị đó với PC.', 2, '2026-02-25 15:23:59', '2026-02-25 15:23:59'),
(104, 31, 'Mô tả sơ lược vai trò và chức năng của giao thức mạng nói chung và giao thức TCP/IP nói riêng.', 2, '2026-02-25 15:23:59', '2026-02-25 15:23:59'),
(105, 32, 'Sử dụng được các chức năng mạng của hệ điều hành để chia sẻ tài nguyên.', 2, '2026-02-25 15:23:59', '2026-02-25 15:23:59'),
(106, 33, 'Kết nối được thiết bị di động vào mạng máy tính trong điều kiện phần cứng và phần mềm đã được chuẩn bị đầy đủ.', 2, '2026-02-25 15:23:59', '2026-02-25 15:23:59'),
(107, 34, 'Nhận diện và phân biệt được chức năng các thiết bị mạng như Server, Switch, Modem, Access Point, cáp mạng.', 2, '2026-02-25 15:23:59', '2026-02-25 15:23:59'),
(108, 34, 'Nêu được khái niệm và ứng dụng của một số loại đường truyền hữu tuyến và vô tuyến thông dụng.', 2, '2026-02-25 15:23:59', '2026-02-25 15:23:59'),
(109, 34, 'Trình bày và giải thích sơ lược được việc thiết kế mạng LAN cho một tổ chức nhỏ, ví dụ cho một trường phổ thông.', 2, '2026-02-25 15:23:59', '2026-02-25 15:23:59'),
(110, 35, 'Phân tích được ưu và nhược điểm về giao tiếp ảo qua các ví dụ cụ thể.', 4, '2026-02-25 15:23:59', '2026-02-25 15:23:59'),
(111, 35, 'Phân tích được tính nhân văn trong ứng xử ở một số tình huống tham gia thế giới ảo.', 4, '2026-02-25 15:23:59', '2026-02-25 15:23:59'),
(112, 36, 'Sử dụng được một số chức năng cơ bản của phần mềm tạo trang web.', 5, '2026-02-25 15:23:59', '2026-02-25 15:23:59'),
(113, 36, 'Tạo được một trang web tĩnh đơn giản gồm một vài thành phần cơ bản: Menu, Content.', 5, '2026-02-25 15:23:59', '2026-02-25 15:23:59'),
(114, 37, 'Hiểu và giải thích được cấu trúc của một trang web dưới dạng HTML.', 6, '2026-02-25 15:23:59', '2026-02-25 15:23:59'),
(115, 37, 'Sử dụng được các thẻ HTML để trình bày trang web, bao gồm: Định dạng văn bản, phông chữ, tạo liên kết, danh sách.', 6, '2026-02-25 15:23:59', '2026-02-25 15:23:59'),
(116, 37, 'Đưa các tệp dữ liệu đa phương tiện vào trang web (ví dụ: ảnh, âm thanh, video).', 6, '2026-02-25 15:23:59', '2026-02-25 15:23:59'),
(117, 37, 'Tạo bảng và khung (frame). Tạo biểu mẫu (form).', 6, '2026-02-25 15:23:59', '2026-02-25 15:23:59'),
(118, 38, 'Hiểu và sử dụng được một số thuộc tính cơ bản của CSS như màu sắc, phông chữ, nền, đường viền, kích cỡ,…', 6, '2026-02-25 15:23:59', '2026-02-25 15:23:59'),
(119, 38, 'Sử dụng được các yếu tố của vùng chọn (selector) như class, id, tag,…', 6, '2026-02-25 15:23:59', '2026-02-25 15:23:59'),
(120, 38, 'Sử dụng được CSS làm trang web đẹp, đa dạng và sinh động hơn.', 6, '2026-02-25 15:23:59', '2026-02-25 15:23:59'),
(121, 39, 'Nêu được sơ lược về mục tiêu và một số thành tựu của Khoa học dữ liệu; nêu được ví dụ minh họa.', 6, '2026-02-25 15:23:59', '2026-02-25 15:23:59'),
(122, 39, 'Biết được vai trò của máy tính đối với sự phát triển của Khoa học dữ liệu.', 6, '2026-02-25 15:23:59', '2026-02-25 15:23:59'),
(123, 39, 'Biết được tính ưu việt trong việc sử dụng máy tính và thuật toán hiệu quả để xử lí khối dữ liệu lớn; nêu được ví dụ minh họa.', 6, '2026-02-25 15:23:59', '2026-02-25 15:23:59'),
(124, 39, 'Nêu được trải nghiệm của bản thân trong việc trích rút thông tin và tri thức từ dữ liệu đã có.', 6, '2026-02-25 15:23:59', '2026-02-25 15:23:59'),
(125, 40, 'Giải thích được sơ lược về khái niệm Học máy.', 6, '2026-02-25 15:23:59', '2026-02-25 15:23:59'),
(126, 40, 'Nêu được vai trò của Học máy trong những công việc như lọc thư rác, chẩn đoán bệnh, phân tích thị trường, nhận dạng tiếng nói và chữ viết, dịch tự động,…', 6, '2026-02-25 15:23:59', '2026-02-25 15:23:59'),
(127, 41, 'Nêu được một vài lĩnh vực trong cuộc sống có sử dụng kĩ thuật mô phỏng.', 6, '2026-02-25 15:23:59', '2026-02-25 15:23:59'),
(128, 41, 'Nêu được một vài vấn đề thực tế mà ở đó có thể cần dùng kĩ thuật mô phỏng để giải quyết.', 6, '2026-02-25 15:23:59', '2026-02-25 15:23:59'),
(129, 41, 'Sử dụng và giải thích được các bước cơ bản của một phần mềm mô phỏng.', 6, '2026-02-25 15:23:59', '2026-02-25 15:23:59'),
(130, 42, 'Trình bày được thông tin hướng nghiệp nhóm nghề Dịch vụ và Quản trị theo các yếu tố: sơ lược công việc, yêu cầu kiến thức, ngành học liên quan, nhu cầu nhân lực.', 7, '2026-02-25 15:23:59', '2026-02-25 15:23:59'),
(131, 42, 'Tự tìm kiếm và khai thác được thông tin hướng nghiệp qua các chương trình đào tạo, thông báo tuyển dụng nhân lực về một vài ngành nghề khác trong lĩnh vực tin học.', 7, '2026-02-25 15:23:59', '2026-02-25 15:23:59'),
(132, 42, 'Giao lưu được với bạn bè qua các kênh truyền thông số để tham khảo và trao đổi ý kiến về những thông tin trên.', 7, '2026-02-25 15:23:59', '2026-02-25 15:23:59'),
(133, 43, 'Nêu được tên một số ngành nghề và lĩnh vực có sử dụng nhân lực tin học, đồng thời giải thích được vai trò và công việc của chuyên viên tin học trong một số ngành nghề.', 7, '2026-02-25 15:23:59', '2026-02-25 15:23:59'),
(134, 43, 'Tìm hiểu được thông tin ngành đào tạo của một số cơ sở đào tạo Công nghệ thông tin.', 7, '2026-02-25 15:23:59', '2026-02-25 15:23:59'),
(135, 44, 'Phân tích tính phức tạp của các cuộc tấn công mạng và nhu cầu nhân lực bảo mật.', 3, '2026-02-25 15:23:59', '2026-02-25 15:23:59');

-- --------------------------------------------------------

--
-- Cấu trúc bảng cho bảng `migrations`
--

CREATE TABLE `migrations` (
  `id` int(10) UNSIGNED NOT NULL,
  `migration` varchar(255) COLLATE utf8mb4_unicode_ci NOT NULL,
  `batch` int(11) NOT NULL
) ENGINE=InnoDB DEFAULT CHARSET=utf8mb4 COLLATE=utf8mb4_unicode_ci;

--
-- Đang đổ dữ liệu cho bảng `migrations`
--

INSERT INTO `migrations` (`id`, `migration`, `batch`) VALUES
(1, '0001_01_01_000000_create_users_table', 1),
(2, '0001_01_01_000001_create_cache_table', 1),
(3, '0001_01_01_000002_create_jobs_table', 1),
(4, '2025_12_21_060552_create_categories_tables', 1),
(5, '2025_12_21_060647_create_questions_tables', 1),
(6, '2025_12_21_060727_create_exams_tables', 1),
(7, '2025_12_21_060752_create_attempts_tables', 1),
(8, '2025_12_21_071123_add_role_to_users_table', 1),
(9, '2025_12_22_041526_add_grade_and_orientation_to_questions', 2),
(10, '2025_12_22_044048_make_cognitive_level_nullable_in_questions', 3),
(11, '2025_12_22_061410_create_exam_sessions_tables', 4),
(12, '2026_01_02_220156_add_password_to_exam_sessions_table', 5),
(13, '2026_01_02_221402_add_teacher_id_to_exam_sessions_table', 6),
(14, '2026_01_05_123459_create_documents_table', 7),
(15, '2026_01_05_194933_add_is_public_to_exams_table', 7),
(16, '2026_01_06_160856_create_learning_objectives_table', 8),
(17, '2026_01_06_160857_create_core_contents_table', 8),
(18, '2026_01_06_161034_add_new_fields_to_questions_table', 8),
(19, '2026_01_13_100607_create_chat_messages_table', 9),
(20, '2026_01_13_113640_add_avatar_to_users_table', 10),
(21, '2026_01_13_145042_add_soft_deletes_to_exams_table', 11),
(22, '2026_01_15_150455_add_grade_to_documents_table', 12),
(23, '2026_01_16_212241_update_structure_for_gdpt2018', 13),
(24, '2026_01_16_222104_add_source_to_questions_table', 14),
(25, '2026_02_12_152049_add_description_to_exams_table', 15);

-- --------------------------------------------------------

--
-- Cấu trúc bảng cho bảng `password_reset_tokens`
--

CREATE TABLE `password_reset_tokens` (
  `email` varchar(255) COLLATE utf8mb4_unicode_ci NOT NULL,
  `token` varchar(255) COLLATE utf8mb4_unicode_ci NOT NULL,
  `created_at` timestamp NULL DEFAULT NULL
) ENGINE=InnoDB DEFAULT CHARSET=utf8mb4 COLLATE=utf8mb4_unicode_ci;

-- --------------------------------------------------------

--
-- Cấu trúc bảng cho bảng `questions`
--

CREATE TABLE `questions` (
  `id` bigint(20) UNSIGNED NOT NULL,
  `user_id` bigint(20) UNSIGNED DEFAULT NULL,
  `grade` tinyint(4) NOT NULL DEFAULT '10',
  `orientation` varchar(255) COLLATE utf8mb4_unicode_ci NOT NULL DEFAULT 'chung',
  `content` text COLLATE utf8mb4_unicode_ci NOT NULL,
  `type` enum('single_choice','true_false_group','true_false_item') COLLATE utf8mb4_unicode_ci NOT NULL,
  `source` varchar(255) COLLATE utf8mb4_unicode_ci NOT NULL DEFAULT 'user',
  `parent_id` bigint(20) UNSIGNED DEFAULT NULL,
  `topic_id` bigint(20) UNSIGNED DEFAULT NULL,
  `competency_id` bigint(20) UNSIGNED DEFAULT NULL,
  `cognitive_level_id` bigint(20) UNSIGNED DEFAULT NULL,
  `created_at` timestamp NULL DEFAULT NULL,
  `updated_at` timestamp NULL DEFAULT NULL,
  `learning_objective_id` bigint(20) UNSIGNED DEFAULT NULL,
  `core_content_id` bigint(20) UNSIGNED DEFAULT NULL
) ENGINE=InnoDB DEFAULT CHARSET=utf8mb4 COLLATE=utf8mb4_unicode_ci;

--
-- Đang đổ dữ liệu cho bảng `questions`
--

INSERT INTO `questions` (`id`, `user_id`, `grade`, `orientation`, `content`, `type`, `source`, `parent_id`, `topic_id`, `competency_id`, `cognitive_level_id`, `created_at`, `updated_at`, `learning_objective_id`, `core_content_id`) VALUES
(1, 5, 12, 'chung', 'Khả năng hiểu ngôn ngữ của Trí tuệ nhân tạo không thể hiện trong hệ thống nào sau đây?', 'single_choice', 'thpt_2025', NULL, 1, 1, 2, '2026-02-25 15:23:59', '2026-03-27 12:03:42', 98, 29),
(2, 5, 12, 'chung', 'Người quản trị mạng thực hiện công việc chính nào sau đây?', 'single_choice', 'thpt_2025', NULL, 7, 3, 1, '2026-02-25 15:23:59', '2026-03-27 12:03:42', 130, 42),
(3, 5, 12, 'chung', 'Phương án nào sau đây chỉ ra lý do chủ yếu dẫn tới nhu cầu gia tăng về số lượng chuyên gia bảo mật hệ thống thông tin?', 'single_choice', 'thpt_2025', NULL, 3, 3, 2, '2026-02-25 15:23:59', '2026-03-27 12:03:42', 135, 44),
(4, 5, 12, 'chung', 'Trong lĩnh vực y tế, Trí tuệ nhân tạo được ứng dụng phổ biến trong hệ thống nào sau đây?', 'single_choice', 'thpt_2025', NULL, 1, 1, 2, '2026-02-25 15:23:59', '2026-03-27 12:03:42', 99, 29),
(5, 5, 12, 'chung', 'Thiết bị nào có chức năng chính là thiết lập kênh kết nối giữa các thiết bị trong mạng LAN có dây?', 'single_choice', 'thpt_2025', NULL, 2, 3, 1, '2026-02-25 15:23:59', '2026-03-27 12:03:42', 103, 31),
(6, 5, 12, 'chung', 'Một công ty có hai chi nhánh cách nhau khoảng 10 km, mỗi chi nhánh có một mạng LAN riêng. Thiết bị nào phù hợp nhất để kết nối hai mạng này?', 'single_choice', 'thpt_2025', NULL, 2, 3, 2, '2026-02-25 15:23:59', '2026-03-27 12:03:42', 103, 31),
(7, 5, 12, 'chung', 'Đoạn mã CSS nào thiết lập đường viền dày 3 pixel, kiểu nét đứt?', 'single_choice', 'thpt_2025', NULL, 6, 3, 1, '2026-02-25 15:23:59', '2026-03-27 12:03:42', 118, 38),
(8, 5, 10, 'chung', '<p>Xét đoạn chương trình Python sau:</p><img src=\"/storage/questions/cau8.png\" style=\"max-width: 100%; border-radius: 8px; margin: 10px 0;\"><p>Phương án nào sau đây chỉ ra đúng số lần lặp của câu lệnh while ở Dòng 2?</p>', 'single_choice', 'thpt_2025', NULL, 6, 3, 2, '2026-02-25 15:23:59', '2026-03-27 12:03:42', 34, 11),
(9, 5, 10, 'chung', '<p>Cho đoạn chương trình:</p><img src=\"/storage/questions/cau9.png\" style=\"max-width: 100%; border-radius: 8px; margin: 10px 0;\"><p>Sau khi thực hiện đoạn chương trình trên, kí tự nào sau đây được hiển thị trên màn hình?</p>', 'single_choice', 'thpt_2025', NULL, 6, 3, 3, '2026-02-25 15:23:59', '2026-03-27 12:03:42', 34, 11),
(10, 5, 12, 'chung', 'Trong bộ giao thức TCP/IP, giao thức IP đảm nhận vai trò nào?', 'single_choice', 'thpt_2025', NULL, 2, 1, 1, '2026-02-25 15:23:59', '2026-03-27 12:03:42', 104, 31),
(11, 5, 12, 'chung', 'Đoạn mã HTML nào định dạng “TN THPT 2025” in đậm, riêng số 2025 in nghiêng?', 'single_choice', 'thpt_2025', NULL, 6, 3, 2, '2026-02-25 15:23:59', '2026-03-27 12:03:42', 115, 37),
(12, 5, 12, 'chung', 'Hành vi nào không phù hợp với đạo đức trong môi trường số?', 'single_choice', 'thpt_2025', NULL, 4, 2, 1, '2026-02-25 15:23:59', '2026-03-27 12:03:42', 111, 35),
(13, 5, 12, 'chung', 'Thẻ HTML dùng để tạo danh sách có thứ tự là:', 'single_choice', 'thpt_2025', NULL, 6, 3, 1, '2026-02-25 15:23:59', '2026-03-27 12:03:42', 114, 37),
(14, 5, 12, 'chung', 'Thuộc tính CSS dùng để thiết lập cỡ chữ là:', 'single_choice', 'thpt_2025', NULL, 6, 3, 1, '2026-02-25 15:23:59', '2026-03-27 12:03:42', 118, 38),
(15, 5, 12, 'chung', '<p>Xét mã HTML/CSS sau, dòng chữ hiển thị như thế nào?</p><img src=\"/storage/questions/cau15.png\" style=\"max-width: 100%; border-radius: 8px; margin: 10px 0;\">', 'single_choice', 'thpt_2025', NULL, 6, 3, 2, '2026-02-25 15:23:59', '2026-03-27 12:03:42', 119, 38),
(16, 5, 12, 'chung', 'Tiêu đề của trang web được khai báo trong thẻ nào?', 'single_choice', 'thpt_2025', NULL, 6, 3, 1, '2026-02-25 15:23:59', '2026-03-27 12:03:42', 114, 37),
(17, 5, 12, 'chung', 'Đoạn mã CSS nào thiết lập hình ảnh và văn bản hiển thị theo khối?', 'single_choice', 'thpt_2025', NULL, 6, 3, 1, '2026-02-25 15:23:59', '2026-03-27 12:03:42', 118, 38),
(18, 5, 12, 'chung', 'Người sửa chữa và bảo trì máy tính cần kiến thức chủ yếu về:', 'single_choice', 'thpt_2025', NULL, 7, 3, 1, '2026-02-25 15:23:59', '2026-03-27 12:03:42', 130, 42),
(19, 5, 12, 'chung', 'Hành động nào không thể hiện tính nhân văn trên không gian mạng khi biết tin thiên tai?', 'single_choice', 'thpt_2025', NULL, 4, 2, 2, '2026-02-25 15:23:59', '2026-03-27 12:03:42', 111, 35),
(20, 5, 12, 'chung', 'Hành động nào không an toàn khi được mời “việc nhẹ lương cao” qua mạng?', 'single_choice', 'thpt_2025', NULL, 4, 2, 2, '2026-02-25 15:23:59', '2026-03-27 12:03:42', 110, 35),
(21, 5, 12, 'chung', '<p>Bảng HTML sau có bao nhiêu hàng và cột?</p><img src=\"/storage/questions/cau21.png\" style=\"max-width: 100%; border-radius: 8px; margin: 10px 0;\">', 'single_choice', 'thpt_2025', NULL, 6, 3, 2, '2026-02-25 15:23:59', '2026-03-27 12:03:42', 117, 37),
(22, 5, 12, 'chung', 'Lĩnh vực tin học giúp máy tính ngày càng thông minh như con người là:', 'single_choice', 'thpt_2025', NULL, 1, 1, 1, '2026-02-25 15:23:59', '2026-03-27 12:03:42', 97, 29),
(23, 5, 12, 'chung', 'Cách ứng xử phù hợp với kết quả do Trí tuệ nhân tạo tạo ra là:', 'single_choice', 'thpt_2025', NULL, 1, 1, 2, '2026-02-25 15:23:59', '2026-03-27 12:03:42', 101, 29),
(24, 5, 12, 'chung', 'Router có chức năng chính là:', 'single_choice', 'thpt_2025', NULL, 2, 3, 1, '2026-02-25 15:23:59', '2026-03-27 12:03:42', 103, 31),
(25, 5, 12, 'chung', 'Tòa nhà của một công ty có một số phòng làm việc. Mỗi phòng có không quá 10 máy tính, được kết nối với nhau thông qua Switch tạo thành một mạng LAN. Công ty cần kết nối các mạng LAN này với nhau để tạo thành một mạng cục bộ duy nhất. Sau khi thảo luận, một số nhân viên đưa ra các nhận định:', 'true_false_group', 'thpt_2025', NULL, 2, 3, NULL, '2026-02-25 15:23:59', '2026-03-27 12:03:42', 109, 34),
(26, 5, 12, 'chung', 'a) Mạng cục bộ của công ty là mạng WAN.', '', 'thpt_2025', 25, 2, 3, 1, '2026-02-25 15:23:59', '2026-02-25 15:23:59', 109, 34),
(27, 5, 12, 'chung', 'b) Có thể sử dụng Switch loại 16 cổng để kết nối các máy tính trong mỗi phòng làm việc.', '', 'thpt_2025', 25, 2, 3, 2, '2026-02-25 15:23:59', '2026-02-25 15:23:59', 109, 34),
(28, 5, 12, 'chung', 'c) Để máy tính trong các phòng làm việc truy cập được Internet thì chỉ cần lắp đặt thêm một Modem mà không cần phải đăng ký với nhà cung cấp dịch vụ Internet.', '', 'thpt_2025', 25, 2, 3, 2, '2026-02-25 15:23:59', '2026-02-25 15:23:59', 109, 34),
(29, 5, 12, 'chung', 'd) Để các nhân viên có thể sử dụng điện thoại thông minh kết nối được vào mạng cục bộ của công ty qua Wi-Fi, có thể lắp đặt cho mỗi phòng một Access Point và kết nối thiết bị này với Switch ở phòng đó.', '', 'thpt_2025', 25, 2, 3, 3, '2026-02-25 15:23:59', '2026-02-25 15:23:59', 109, 34),
(30, 5, 11, 'chung', 'Dữ liệu về dân số nước ta từ năm 2019 đến năm 2023 có trong niên giám số liệu thống kê. Để lưu trữ, có thể tạo CSDL với các bảng: KHUVUC (maKV, tenKV); TINH (maTinh, maKV, tenTinh); DANSO (maTinh, nam, danSoTB). Học sinh đưa ra ý kiến:', 'true_false_group', 'thpt_2025', NULL, 6, 3, NULL, '2026-02-25 15:23:59', '2026-03-27 12:03:42', 70, 21),
(31, 5, 11, 'chung', 'a) Trường maKV là khóa ngoài của bảng KHUVUC.', '', 'thpt_2025', 30, 6, 3, 1, '2026-02-25 15:23:59', '2026-02-25 15:23:59', 70, 21),
(32, 5, 11, 'chung', 'b) Nhóm hai trường maTinh và nam là khóa chính của bảng DANSO.', '', 'thpt_2025', 30, 6, 3, 2, '2026-02-25 15:23:59', '2026-02-25 15:23:59', 70, 21),
(33, 5, 11, 'chung', 'c) Chỉ cần liên kết hai bảng TINH và DANSO theo khóa maTình là có thể kết xuất được thông tin đầy đủ gồm: tên tỉnh, tên khu vực, năm và dân số trung bình của năm.', '', 'thpt_2025', 30, 6, 3, 2, '2026-02-25 15:23:59', '2026-02-25 15:23:59', 70, 21),
(34, 5, 11, 'chung', 'd) Để đưa ra được thông tin gồm tên tỉnh, năm và dân số trung bình của năm 2020, có thể thực hiện truy vấn với điều kiện DANSO.nam = 2020.', '', 'thpt_2025', 30, 6, 3, 3, '2026-02-25 15:23:59', '2026-02-25 15:23:59', 70, 21),
(35, 5, 11, 'cs', 'Hội chứng FOMO là cảm giác lo âu, tiếc nuối... Một công ty xây dựng hệ thống AI dự đoán, thu thập dữ liệu từ hơn 10000 người làm dữ liệu huấn luyện. Kết quả tỉ lệ mắc là 35% và chưa mắc là 65%. Nhân viên đưa ra nhận định:', 'true_false_group', 'thpt_2025', NULL, 5, 3, NULL, '2026-02-25 15:23:59', '2026-03-27 12:03:42', 125, 40),
(36, 5, 11, 'cs', 'a) Thông tin mắc và chưa mắc Hội chứng của mỗi người có thể được sử dụng làm nhãn của dữ liệu huấn luyện mô hình.', '', 'thpt_2025', 35, 5, 3, 2, '2026-02-25 15:23:59', '2026-02-25 15:23:59', 125, 40),
(37, 5, 11, 'cs', 'b) Không cần sử dụng các phương pháp tiền xử lý để làm sạch tập dữ liệu đã thu thập nói trên trước khi đưa vào huấn luyện mô hình.', '', 'thpt_2025', 35, 5, 3, 2, '2026-02-25 15:23:59', '2026-02-25 15:23:59', 125, 40),
(38, 5, 11, 'cs', 'c) Mô hình học máy phù hợp nhất được sử dụng để xây dựng hệ thống dự đoán trong tình huống này là mô hình Học có giám sát.', '', 'thpt_2025', 35, 5, 3, 1, '2026-02-25 15:23:59', '2026-02-25 15:23:59', 125, 40),
(39, 5, 11, 'cs', 'd) Khi xuất hiện biểu hiện lo âu, tiếc nuối, người ta chỉ cần sử dụng hệ thống dự đoán của công ty nói trên để biết được chính xác mình có mắc Hội chứng hay không.', '', 'thpt_2025', 35, 5, 3, 3, '2026-02-25 15:23:59', '2026-02-25 15:23:59', 125, 40),
(40, 5, 11, 'cs', '<p>Cho hàm sau đây được viết bằng ngôn ngữ lập trình Python và C++:</p><img src=\"/storage/questions/cau28.png\" style=\"max-width: 100%; border-radius: 8px; margin: 10px 0;\"><p>Học sinh đã nêu các ý kiến sau:</p>', 'true_false_group', 'thpt_2025', NULL, 6, 3, NULL, '2026-02-25 15:23:59', '2026-03-27 12:03:42', 91, 27),
(41, 5, 11, 'cs', 'a) Mảng A biểu diễn cấu trúc dữ liệu ngăn xếp (Stack).', '', 'thpt_2025', 40, 6, 3, 1, '2026-02-25 15:23:59', '2026-02-25 15:23:59', 91, 27),
(42, 5, 11, 'cs', 'b) Nếu dữ liệu đầu vào là mảng A gồm n phần tử đã được sắp xếp theo chiều không giảm thì các câu lệnh tại Dòng 6 và Dòng 7 được thực hiện n lần.', '', 'thpt_2025', 40, 6, 3, 2, '2026-02-25 15:23:59', '2026-02-25 15:23:59', 91, 27),
(43, 5, 11, 'cs', 'c) Nếu dữ liệu đầu vào là n = 6 và mảng A là (6, 4, 2, 1, 3, 5) thì sau khi câu lệnh for tại Dòng 2 thực hiện lần lặp thứ 2, giá trị của mảng A là (2, 4, 6, 1, 3, 5).', '', 'thpt_2025', 40, 6, 3, 3, '2026-02-25 15:23:59', '2026-02-25 15:23:59', 91, 27),
(44, 5, 11, 'cs', 'd) Nếu dữ liệu đầu vào là n = 7 và mảng A là (8, 6, 4, 2, 3, 5, 7) thì hàm trả về giá trị 6.5.', '', 'thpt_2025', 40, 6, 3, 2, '2026-02-25 15:23:59', '2026-02-25 15:23:59', 91, 27),
(45, 5, 12, 'ict', 'Một trường phổ thông muốn sử dụng phần mềm xây dựng website thông tin CLB. Website có: Phần đầu chứa logo; thanh banner chứa hình ảnh hoạt động; thanh điều hướng gồm ba mục chính. Học sinh đưa ra ý kiến:', 'true_false_group', 'thpt_2025', NULL, 5, 3, NULL, '2026-02-25 15:23:59', '2026-03-27 12:03:42', 113, 36),
(46, 5, 12, 'ict', 'a) Phần mềm tạo trang web có sẵn mẫu bố cục trang web để thiết kế các phần cho website của trường.', '', 'thpt_2025', 45, 5, 3, 1, '2026-02-25 15:23:59', '2026-02-25 15:23:59', 113, 36),
(47, 5, 12, 'ict', 'b) Phần mềm tạo trang web cho phép thay thế ảnh có sẵn của mẫu bằng ảnh về hoạt động của các CLB.', '', 'thpt_2025', 45, 5, 3, 2, '2026-02-25 15:23:59', '2026-02-25 15:23:59', 113, 36),
(48, 5, 12, 'ict', 'c) Các mục con có nhãn là tên các CLB bắt buộc phải hiển thị trên thanh điều hướng của trang chủ.', '', 'thpt_2025', 45, 5, 3, 2, '2026-02-25 15:23:59', '2026-02-25 15:23:59', 113, 36),
(49, 5, 12, 'ict', 'd) Để có thể xem được video về hoạt động của các CLB trên website, phải đồng thời tải video lên máy chủ và nhúng liên kết YouTube.', '', 'thpt_2025', 45, 5, 3, 3, '2026-02-25 15:23:59', '2026-02-25 15:23:59', 113, 36),
(50, 5, 11, 'ict', 'Cần tạo cơ sở dữ liệu với các bảng: KHUVUC (maKV, tenKV); DIAPHUONG (maDP, tenDP, maKV); DAUTU (maDP, nam, tongVon). Học sinh đưa ra ý kiến:', 'true_false_group', 'thpt_2025', NULL, 6, 3, NULL, '2026-02-25 15:23:59', '2026-03-27 12:03:42', 78, 23),
(51, 5, 11, 'ict', 'a) Phần mềm bảng tính có thể lưu trữ cơ sở dữ liệu đã nêu trong một trang tính duy nhất.', '', 'thpt_2025', 50, 6, 3, 2, '2026-02-25 15:23:59', '2026-02-25 15:23:59', 78, 23),
(52, 5, 11, 'ict', 'b) Khi tạo bảng DAUTU trong phần mềm quản trị cơ sở dữ liệu, chọn trường maDP rồi thiết lập trường này làm khóa chính của bảng.', '', 'thpt_2025', 50, 6, 3, 1, '2026-02-25 15:23:59', '2026-02-25 15:23:59', 78, 23),
(53, 5, 11, 'ict', 'c) Mối quan hệ của 3 bảng được thiết lập dựa trên việc liên kết từ bảng KHUVUC đến bảng DIAPHUONG và liên kết từ bảng KHUVUC đến bảng DAUTU.', '', 'thpt_2025', 50, 6, 3, 2, '2026-02-25 15:23:59', '2026-02-25 15:23:59', 78, 23),
(54, 5, 11, 'ict', 'd) Để đưa ra thông tin gồm tên khu vực, địa phương, năm, tổng vốn, có thể dùng câu lệnh SELECT kết hợp INNER JOIN.', '', 'thpt_2025', 50, 6, 3, 3, '2026-02-25 15:23:59', '2026-02-25 15:23:59', 78, 23),
(55, 1, 12, 'chung', '<p>Các ứng dụng nào sau đây được phát triển nhờ thành tựu của Trí tuệ nhân tạo (AI)?</p>', 'single_choice', 'user', NULL, 1, 1, 1, '2026-03-23 13:06:43', '2026-03-23 13:06:43', 97, 29),
(62, 1, 12, 'chung', '<p>Tình huống nào sau đây không có ứng dụng của AI trong các hoạt động thương mại điện tử?</p>', 'single_choice', 'user', NULL, 1, 1, 1, '2026-03-23 13:59:50', '2026-03-23 13:59:50', 97, 29),
(63, 12, 12, 'chung', '<p>Tình huống nào sau đây không là ứng dụng của Trí tuệ nhân tạo (AI) trong nhận dạng chữ viết tay, tiếng nói và khuôn mặt?</p>', 'single_choice', 'user', NULL, 1, 1, 1, '2026-03-23 14:03:20', '2026-03-23 14:03:20', 97, 29),
(64, 12, 12, 'chung', '<p>Giao thức nào sau đây nhằm quản lí việc truyền dữ liệu giữa các thiết bị?</p>', 'single_choice', 'user', NULL, 6, 1, 1, '2026-03-25 04:13:07', '2026-03-25 04:13:07', 115, 37),
(65, 1, 10, 'chung', '<p>Cho đoạn chương trình:&nbsp;</p><p>j = 0&nbsp;</p><p>for i in range(5):&nbsp;</p><p>&nbsp; &nbsp; j = j + i print(j)&nbsp;</p><p>Sau khi thực hiện chương trình giá trị của biến j bằng bao nhiêu?</p>', 'single_choice', 'user', NULL, 6, 1, 1, '2026-03-25 15:29:54', '2026-03-25 15:29:54', 31, 9),
(66, 1, 10, 'chung', '<p>Cho đoạn lệnh sau:&nbsp;</p><p>for i in range(1,10,2):&nbsp;</p><p>&nbsp; &nbsp; print(i)&nbsp;</p><p>Trên màn hình i có các giá trị là</p>', 'single_choice', 'user', NULL, 6, 1, 1, '2026-03-25 15:48:46', '2026-03-25 15:48:46', 31, 9);

-- --------------------------------------------------------

--
-- Cấu trúc bảng cho bảng `sessions`
--

CREATE TABLE `sessions` (
  `id` varchar(255) COLLATE utf8mb4_unicode_ci NOT NULL,
  `user_id` bigint(20) UNSIGNED DEFAULT NULL,
  `ip_address` varchar(45) COLLATE utf8mb4_unicode_ci DEFAULT NULL,
  `user_agent` text COLLATE utf8mb4_unicode_ci,
  `payload` longtext COLLATE utf8mb4_unicode_ci NOT NULL,
  `last_activity` int(11) NOT NULL
) ENGINE=InnoDB DEFAULT CHARSET=utf8mb4 COLLATE=utf8mb4_unicode_ci;

--
-- Đang đổ dữ liệu cho bảng `sessions`
--

INSERT INTO `sessions` (`id`, `user_id`, `ip_address`, `user_agent`, `payload`, `last_activity`) VALUES
('1YjAyIz7kvpZH1bzrlbGarMPV3QUacF5nPKygF3F', NULL, '34.210.32.248', 'python-requests/2.31.0', 'YToyOntzOjY6Il90b2tlbiI7czo0MDoicXVuMXVzbmdFdUxjd0VGNmRkRDdUdE0wTkh5dUY4ZTVFN0hOaWIydyI7czo2OiJfZmxhc2giO2E6Mjp7czozOiJvbGQiO2E6MDp7fXM6MzoibmV3IjthOjA6e319fQ==', 1774602032),
('5PJbmTMVIj6TrlAhkdmXQsLgj9hiP37MX3PH9nhe', NULL, '104.198.213.73', 'Mozilla/5.0 (compatible; CMS-Checker/1.0; +https://example.com)', 'YTozOntzOjY6Il90b2tlbiI7czo0MDoiUEkzbU9xWElqZzluV2F2NjJJVjRQN3FGYlVQdm9zMGs1QVZHeXlodCI7czo5OiJfcHJldmlvdXMiO2E6Mjp7czozOiJ1cmwiO3M6MzM6Imh0dHA6Ly9sdXllbnRoaXRpbmhvYy5kdWNrZG5zLm9yZyI7czo1OiJyb3V0ZSI7Tjt9czo2OiJfZmxhc2giO2E6Mjp7czozOiJvbGQiO2E6MDp7fXM6MzoibmV3IjthOjA6e319fQ==', 1774612551),
('9b9JrsLtUcHdZKVC7mc1GrqvgYbFx1ikaFpaF9AL', NULL, '52.11.7.141', 'Mozilla/5.0 (Windows NT 10.0; Win64; x64; rv:90.0) Gecko/20100101 Firefox/90.0', 'YTozOntzOjY6Il90b2tlbiI7czo0MDoicW1GYTBqMW1RT2lxR0VvZ1phR2FVNzhCYTByM1AxWUZ1ajIwRXhCSCI7czo5OiJfcHJldmlvdXMiO2E6Mjp7czozOiJ1cmwiO3M6Mjg6Imh0dHBzOi8vbHV5ZW50aGl0aHB0dGguY2xpY2siO3M6NToicm91dGUiO047fXM6NjoiX2ZsYXNoIjthOjI6e3M6Mzoib2xkIjthOjA6e31zOjM6Im5ldyI7YTowOnt9fX0=', 1774601932),
('9JxMPQgnCveCgm2eZTYVKGLdyu0jvU6umlLFQ1Bk', NULL, '31.14.72.140', 'Mozilla/5.0 (Windows NT 10.0; Win64; x64) AppleWebKit/537.36 (KHTML, like Gecko) Chrome/78.0.3904.108 Safari/537.36', 'YTozOntzOjY6Il90b2tlbiI7czo0MDoidmhpb1hERXJGYmlJeWl0VnV2a0p4SWM4em9peUtRNHRnTkREcEJMYiI7czo5OiJfcHJldmlvdXMiO2E6Mjp7czozOiJ1cmwiO3M6Mjc6Imh0dHA6Ly9sdXllbnRoaXRocHR0aC5jbGljayI7czo1OiJyb3V0ZSI7Tjt9czo2OiJfZmxhc2giO2E6Mjp7czozOiJvbGQiO2E6MDp7fXM6MzoibmV3IjthOjA6e319fQ==', 1774611406),
('AeN4MRm3etkNzCWZu6fHUo5qQg3Nx2NrbvCoUQYY', NULL, '43.166.247.155', 'Mozilla/5.0 (iPhone; CPU iPhone OS 13_2_3 like Mac OS X) AppleWebKit/605.1.15 (KHTML, like Gecko) Version/13.0.3 Mobile/15E148 Safari/604.1', 'YTozOntzOjY6Il90b2tlbiI7czo0MDoiZWY5MUJ0Vk52MjRFSWJhOVVPY1htRFBpakVETmZjbTg3VTg5Q2F1cCI7czo5OiJfcHJldmlvdXMiO2E6Mjp7czozOiJ1cmwiO3M6MzE6Imh0dHA6Ly93d3cubHV5ZW50aGl0aHB0dGguY2xpY2siO3M6NToicm91dGUiO047fXM6NjoiX2ZsYXNoIjthOjI6e3M6Mzoib2xkIjthOjA6e31zOjM6Im5ldyI7YTowOnt9fX0=', 1774604096),
('BFXqRk5WrYSYiSo10nW2ytIKQOB6O6ffJZOcDxmy', NULL, '43.164.195.17', 'Mozilla/5.0 (iPhone; CPU iPhone OS 13_2_3 like Mac OS X) AppleWebKit/605.1.15 (KHTML, like Gecko) Version/13.0.3 Mobile/15E148 Safari/604.1', 'YTozOntzOjY6Il90b2tlbiI7czo0MDoiMm43alUwWUFnQlFtMFRpWlZ1UEdseGhqOXFnUVZCbERLaUNsWXAydSI7czo5OiJfcHJldmlvdXMiO2E6Mjp7czozOiJ1cmwiO3M6MzE6Imh0dHA6Ly93d3cubHV5ZW50aGl0aHB0dGguY2xpY2siO3M6NToicm91dGUiO047fXM6NjoiX2ZsYXNoIjthOjI6e3M6Mzoib2xkIjthOjA6e31zOjM6Im5ldyI7YTowOnt9fX0=', 1774612969),
('dl5gbtzsaeZxRIrCICRayIcZwWLl8QA7yUkbYeO8', NULL, '136.114.8.159', 'Mozilla/5.0 (compatible; CMS-Checker/1.0; +https://example.com)', 'YTozOntzOjY6Il90b2tlbiI7czo0MDoiMEk5R3JvYVg3V3FnTlduOXlLYTJYZVlvWjVlYWRtTUN2VWgydzhOZSI7czo5OiJfcHJldmlvdXMiO2E6Mjp7czozOiJ1cmwiO3M6Mzc6Imh0dHA6Ly93d3cubHV5ZW50aGl0aW5ob2MuZHVja2Rucy5vcmciO3M6NToicm91dGUiO047fXM6NjoiX2ZsYXNoIjthOjI6e3M6Mzoib2xkIjthOjA6e31zOjM6Im5ldyI7YTowOnt9fX0=', 1774608605),
('fU3hLjKHWe4UiApexajDdcthWfvsiikfiy0dmHNc', 1, '42.114.206.246', 'Mozilla/5.0 (Windows NT 10.0; Win64; x64) AppleWebKit/537.36 (KHTML, like Gecko) Chrome/145.0.0.0 Safari/537.36', 'YTo0OntzOjY6Il90b2tlbiI7czo0MDoiZVcwY044VmYzS1pmcGdzVkxnYTRlcThOSjhtNllIR2RuanE5czZIVSI7czo2OiJfZmxhc2giO2E6Mjp7czozOiJvbGQiO2E6MDp7fXM6MzoibmV3IjthOjA6e319czo5OiJfcHJldmlvdXMiO2E6Mjp7czozOiJ1cmwiO3M6NTA6Imh0dHBzOi8vbHV5ZW50aGl0aHB0dGguY2xpY2svdGVhY2hlci9leGFtcy8yOC9lZGl0IjtzOjU6InJvdXRlIjtzOjE4OiJ0ZWFjaGVyLmV4YW1zLmVkaXQiO31zOjUwOiJsb2dpbl93ZWJfNTliYTM2YWRkYzJiMmY5NDAxNTgwZjAxNGM3ZjU4ZWE0ZTMwOTg5ZCI7aToxO30=', 1774610910),
('I54JlUYQ8BEIcgjK6xHIyauWkiZrCGhuwybXEdY2', NULL, '52.11.7.141', 'Mozilla/5.0 (Windows NT 10.0; Win64; x64; rv:90.0) Gecko/20100101 Firefox/90.0', 'YTozOntzOjY6Il90b2tlbiI7czo0MDoiZEpWTFVxZ0Z4SkdkWlFBVEVxZzhLaXlybTRIOWh1aENQM3FRVElpMSI7czo5OiJfcHJldmlvdXMiO2E6Mjp7czozOiJ1cmwiO3M6Mjc6Imh0dHA6Ly9sdXllbnRoaXRocHR0aC5jbGljayI7czo1OiJyb3V0ZSI7Tjt9czo2OiJfZmxhc2giO2E6Mjp7czozOiJvbGQiO2E6MDp7fXM6MzoibmV3IjthOjA6e319fQ==', 1774601933),
('ieiGCYFbunvzZSsgrqbLDP1pkj6SFCfhQRgRoJx2', 5, '42.114.206.246', 'Mozilla/5.0 (Windows NT 10.0; Win64; x64) AppleWebKit/537.36 (KHTML, like Gecko) Chrome/146.0.0.0 Safari/537.36', 'YTo1OntzOjY6Il90b2tlbiI7czo0MDoibjZycTJjZG5BQjU5SnBaSDlQdFkyVllhMjNFM05ZU05YOE8zY2tXSyI7czo2OiJfZmxhc2giO2E6Mjp7czozOiJvbGQiO2E6MDp7fXM6MzoibmV3IjthOjA6e319czo5OiJfcHJldmlvdXMiO2E6Mjp7czozOiJ1cmwiO3M6NDU6Imh0dHBzOi8vbHV5ZW50aGl0aHB0dGguY2xpY2svdGVhY2hlci9zZXNzaW9ucyI7czo1OiJyb3V0ZSI7czoyMjoidGVhY2hlci5zZXNzaW9ucy5pbmRleCI7fXM6MzoidXJsIjthOjA6e31zOjUwOiJsb2dpbl93ZWJfNTliYTM2YWRkYzJiMmY5NDAxNTgwZjAxNGM3ZjU4ZWE0ZTMwOTg5ZCI7aTo1O30=', 1774614045),
('IJ1OXzRBMDoAyu8eAtZrI0bXQJ2rnyVFw40BWKg7', NULL, '43.130.174.37', 'Mozilla/5.0 (iPhone; CPU iPhone OS 13_2_3 like Mac OS X) AppleWebKit/605.1.15 (KHTML, like Gecko) Version/13.0.3 Mobile/15E148 Safari/604.1', 'YTozOntzOjY6Il90b2tlbiI7czo0MDoibkpOWlFHRFlYejE3UlZOd3QySjhmejRibnRvc0hGTWluQmJhTmZLSSI7czo5OiJfcHJldmlvdXMiO2E6Mjp7czozOiJ1cmwiO3M6Mjc6Imh0dHA6Ly9sdXllbnRoaXRocHR0aC5jbGljayI7czo1OiJyb3V0ZSI7Tjt9czo2OiJfZmxhc2giO2E6Mjp7czozOiJvbGQiO2E6MDp7fXM6MzoibmV3IjthOjA6e319fQ==', 1774607885),
('ju5HSRhWBTY1M9ZaLy8Q7oEw297hUZNJ89eJjNXo', NULL, '20.230.253.126', 'Mozilla/5.0 (X11; Linux x86_64) AppleWebKit/537.36 (KHTML, like Gecko) HeadlessChrome/142.0.0.0 Safari/537.36', 'YTozOntzOjY6Il90b2tlbiI7czo0MDoiVVVvZjZUNEZ1RDZ3QWtVanN2c05ONm5QUEVqUHpwY0dtNUxXYmpmOSI7czo5OiJfcHJldmlvdXMiO2E6Mjp7czozOiJ1cmwiO3M6Mjg6Imh0dHBzOi8vbHV5ZW50aGl0aHB0dGguY2xpY2siO3M6NToicm91dGUiO047fXM6NjoiX2ZsYXNoIjthOjI6e3M6Mzoib2xkIjthOjA6e31zOjM6Im5ldyI7YTowOnt9fX0=', 1774601904),
('pFOdWW6n6EtD7H70KafhLL8KeLYngFegDkL0Kpfy', NULL, '54.146.62.50', 'SonyEricssonW580i/R6BC Browser/NetFront/3.3 Profile/MIDP-2.0 Configuration/CLDC-1.1', 'YTozOntzOjY6Il90b2tlbiI7czo0MDoiUDFyQlFqY2M3WkZtTUdqUlBNZEJ0Y0I2Sk1aYzRnbFRMUUg5bUhDdyI7czo5OiJfcHJldmlvdXMiO2E6Mjp7czozOiJ1cmwiO3M6Mjc6Imh0dHA6Ly9sdXllbnRoaXRocHR0aC5jbGljayI7czo1OiJyb3V0ZSI7Tjt9czo2OiJfZmxhc2giO2E6Mjp7czozOiJvbGQiO2E6MDp7fXM6MzoibmV3IjthOjA6e319fQ==', 1774613677),
('rJQ0wgakjxTTSKQo8rfsDEKIcr3OcUla37GlXbBL', NULL, '82.26.162.37', 'Mozilla/5.0 (Windows NT 10.0; Win64; x64) AppleWebKit/537.36 (KHTML, like Gecko) Chrome/95.0.4638.69 Safari/537.36', 'YTozOntzOjY6Il90b2tlbiI7czo0MDoiR2JqazhDc0pObkR4UjRCZVAyVDNDaTY3ekRtVGxkT3lKMUt3Zjd4USI7czo5OiJfcHJldmlvdXMiO2E6Mjp7czozOiJ1cmwiO3M6Mjc6Imh0dHA6Ly9sdXllbnRoaXRocHR0aC5jbGljayI7czo1OiJyb3V0ZSI7Tjt9czo2OiJfZmxhc2giO2E6Mjp7czozOiJvbGQiO2E6MDp7fXM6MzoibmV3IjthOjA6e319fQ==', 1774612960),
('RQLtkN7LXeMhQduD1xlUYNimSUeTE80TngkKMDwp', NULL, '54.146.62.50', 'Mozilla/5.0 (SymbianOS/9.4; Series60/5.0 NokiaN97-1/10.0.012; Profile/MIDP-2.1 Configuration/CLDC-1.1; en-us) AppleWebKit/525 (KHTML, like Gecko) WicKed/7.1.12344', 'YTozOntzOjY6Il90b2tlbiI7czo0MDoieGZKWlNUNUFMT2hlUWFFRjJMeE5IUDdYdENvVEExUW1pcU9nWmd4TyI7czo5OiJfcHJldmlvdXMiO2E6Mjp7czozOiJ1cmwiO3M6Mjg6Imh0dHBzOi8vbHV5ZW50aGl0aHB0dGguY2xpY2siO3M6NToicm91dGUiO047fXM6NjoiX2ZsYXNoIjthOjI6e3M6Mzoib2xkIjthOjA6e31zOjM6Im5ldyI7YTowOnt9fX0=', 1774613677),
('UXK9iAIcYLR7o0XiYWj7GZmcdjeQfzMdyiPvYNhE', NULL, '103.199.32.170', 'Mozilla/5.0 (Linux; Android 10; K) AppleWebKit/537.36 (KHTML, like Gecko) Chrome/146.0.0.0 Mobile Safari/537.36', 'YTozOntzOjY6Il90b2tlbiI7czo0MDoiQ3I5NFZiQUppVEcxckU0amRZem9KenBVWG9Wd1paTTNJalczejFpaCI7czo2OiJfZmxhc2giO2E6Mjp7czozOiJvbGQiO2E6MDp7fXM6MzoibmV3IjthOjA6e319czo5OiJfcHJldmlvdXMiO2E6Mjp7czozOiJ1cmwiO3M6Mjg6Imh0dHBzOi8vbHV5ZW50aGl0aHB0dGguY2xpY2siO3M6NToicm91dGUiO047fX0=', 1774607216),
('xCWrcHmRQvbOAkTWitE4rEwQ1Fea14sbfbGzb0eA', 12, '42.114.206.246', 'Mozilla/5.0 (Windows NT 10.0; Win64; x64) AppleWebKit/537.36 (KHTML, like Gecko) Chrome/145.0.0.0 Safari/537.36', 'YTo0OntzOjY6Il90b2tlbiI7czo0MDoieVJjTG1FalBtbGxIMHhHM1cyRFdoUHRYRmVNZVMzWmphMHRTZ1U4MyI7czo5OiJfcHJldmlvdXMiO2E6Mjp7czozOiJ1cmwiO3M6MzQ6Imh0dHBzOi8vbHV5ZW50aGl0aHB0dGguY2xpY2svbG9naW4iO3M6NToicm91dGUiO3M6NToibG9naW4iO31zOjY6Il9mbGFzaCI7YToyOntzOjM6Im9sZCI7YTowOnt9czozOiJuZXciO2E6MDp7fX1zOjUwOiJsb2dpbl93ZWJfNTliYTM2YWRkYzJiMmY5NDAxNTgwZjAxNGM3ZjU4ZWE0ZTMwOTg5ZCI7aToxMjt9', 1774601527);

-- --------------------------------------------------------

--
-- Cấu trúc bảng cho bảng `topics`
--

CREATE TABLE `topics` (
  `id` bigint(20) UNSIGNED NOT NULL,
  `name` varchar(255) COLLATE utf8mb4_unicode_ci NOT NULL,
  `parent_id` bigint(20) UNSIGNED DEFAULT NULL,
  `created_at` timestamp NULL DEFAULT NULL,
  `updated_at` timestamp NULL DEFAULT NULL
) ENGINE=InnoDB DEFAULT CHARSET=utf8mb4 COLLATE=utf8mb4_unicode_ci;

--
-- Đang đổ dữ liệu cho bảng `topics`
--

INSERT INTO `topics` (`id`, `name`, `parent_id`, `created_at`, `updated_at`) VALUES
(1, 'Chủ đề A. Máy tính và xã hội tri thức', NULL, '2026-02-25 15:23:59', '2026-02-25 15:23:59'),
(2, 'Chủ đề B. Mạng máy tính và Internet', NULL, '2026-02-25 15:23:59', '2026-02-25 15:23:59'),
(3, 'Chủ đề C. Tổ chức lưu trữ, tìm kiếm và trao đổi thông tin', NULL, '2026-02-25 15:23:59', '2026-02-25 15:23:59'),
(4, 'Chủ đề D. Đạo đức, pháp luật và văn hóa trong môi trường số', NULL, '2026-02-25 15:23:59', '2026-02-25 15:23:59'),
(5, 'Chủ đề E. Ứng dụng tin học', NULL, '2026-02-25 15:23:59', '2026-02-25 15:23:59'),
(6, 'Chủ đề F. Giải quyết vấn đề với sự trợ giúp của máy tính', NULL, '2026-02-25 15:23:59', '2026-02-25 15:23:59'),
(7, 'Chủ đề G. Hướng nghiệp với tin học', NULL, '2026-02-25 15:23:59', '2026-02-25 15:23:59');

-- --------------------------------------------------------

--
-- Cấu trúc bảng cho bảng `users`
--

CREATE TABLE `users` (
  `id` bigint(20) UNSIGNED NOT NULL,
  `name` varchar(255) COLLATE utf8mb4_unicode_ci NOT NULL,
  `email` varchar(255) COLLATE utf8mb4_unicode_ci NOT NULL,
  `avatar` varchar(255) COLLATE utf8mb4_unicode_ci DEFAULT NULL,
  `role` varchar(255) COLLATE utf8mb4_unicode_ci NOT NULL DEFAULT 'student',
  `email_verified_at` timestamp NULL DEFAULT NULL,
  `password` varchar(255) COLLATE utf8mb4_unicode_ci NOT NULL,
  `remember_token` varchar(100) COLLATE utf8mb4_unicode_ci DEFAULT NULL,
  `created_at` timestamp NULL DEFAULT NULL,
  `updated_at` timestamp NULL DEFAULT NULL
) ENGINE=InnoDB DEFAULT CHARSET=utf8mb4 COLLATE=utf8mb4_unicode_ci;

--
-- Đang đổ dữ liệu cho bảng `users`
--

INSERT INTO `users` (`id`, `name`, `email`, `avatar`, `role`, `email_verified_at`, `password`, `remember_token`, `created_at`, `updated_at`) VALUES
(1, 'Cô Giáo Tin', 'teacher@example.com', NULL, 'teacher', NULL, '$2y$12$4u6hZsMrsMklSlkS5RWoF..lu6lCG2i4LPNmcebHKrPYike7iUfxK', NULL, '2025-12-21 00:15:07', '2025-12-21 00:15:07'),
(2, 'Em Học Sinh', 'student@example.com', 'avatars/KMowZxyGS9xqDMNCepyLa6v1GmLP0yTffSndqsMI.png', 'student', NULL, '$2y$12$.nEIjaWeJ9iT1HeXugyiYeX59Jcd0m8Cst9sNm.0pnCUY12k3DZOK', 'YtI6lDdWGqs8nxn6J2Hd9auhfeBC3oQRTZLcZpoeVJ5Qkza2568dsjVDK8qy', '2025-12-21 00:15:07', '2026-01-13 05:16:23'),
(5, 'Tan', 'tan@gmail.com', NULL, 'admin', NULL, '$2y$12$.nEIjaWeJ9iT1HeXugyiYeX59Jcd0m8Cst9sNm.0pnCUY12k3DZOK', NULL, '2026-01-02 15:40:24', '2026-01-02 15:40:24'),
(6, 'Tvy', 'tvy@gmail.com', NULL, 'student', NULL, '$2y$12$.nEIjaWeJ9iT1HeXugyiYeX59Jcd0m8Cst9sNm.0pnCUY12k3DZOK', NULL, '2026-01-03 12:03:39', '2026-01-03 12:03:39'),
(7, 'MThy', 'mthy@gmail.com', NULL, 'student', NULL, '$2y$12$.nEIjaWeJ9iT1HeXugyiYeX59Jcd0m8Cst9sNm.0pnCUY12k3DZOK', NULL, '2026-01-03 12:03:39', '2026-01-03 12:03:39'),
(9, 'Admin 1', 'admin1@gmail.com', NULL, 'admin', NULL, '$2y$12$.nEIjaWeJ9iT1HeXugyiYeX59Jcd0m8Cst9sNm.0pnCUY12k3DZOK', NULL, '2026-03-24 14:54:57', '2026-03-24 14:54:57'),
(10, 'Admin 2', 'admin2@gmail.com', NULL, 'admin', NULL, '$2y$12$.nEIjaWeJ9iT1HeXugyiYeX59Jcd0m8Cst9sNm.0pnCUY12k3DZOK', NULL, '2026-03-24 14:54:57', '2026-03-24 14:54:57'),
(11, 'Admin 3', 'admin3@gmail.com', NULL, 'admin', NULL, '$2y$12$.nEIjaWeJ9iT1HeXugyiYeX59Jcd0m8Cst9sNm.0pnCUY12k3DZOK', NULL, '2026-03-24 14:54:57', '2026-03-24 14:54:57'),
(12, 'Giáo viên 1', 'gv1@gmail.com', NULL, 'teacher', NULL, '$2y$12$.nEIjaWeJ9iT1HeXugyiYeX59Jcd0m8Cst9sNm.0pnCUY12k3DZOK', 'oGzKqJtPfJOF2qQnJ8pXag956ABEzmR2DENsyGBWmEzUxKDWlI8VBL8xnAVy', '2026-03-24 14:54:57', '2026-03-24 14:54:57'),
(13, 'Giáo viên 2', 'gv2@gmail.com', NULL, 'teacher', NULL, '$2y$12$.nEIjaWeJ9iT1HeXugyiYeX59Jcd0m8Cst9sNm.0pnCUY12k3DZOK', NULL, '2026-03-24 14:54:57', '2026-03-24 14:54:57'),
(14, 'Giáo viên 3', 'gv3@gmail.com', NULL, 'teacher', NULL, '$2y$12$.nEIjaWeJ9iT1HeXugyiYeX59Jcd0m8Cst9sNm.0pnCUY12k3DZOK', NULL, '2026-03-24 14:54:57', '2026-03-24 14:54:57'),
(15, 'Giáo viên 4', 'gv4@gmail.com', NULL, 'teacher', NULL, '$2y$12$.nEIjaWeJ9iT1HeXugyiYeX59Jcd0m8Cst9sNm.0pnCUY12k3DZOK', NULL, '2026-03-24 14:54:57', '2026-03-24 14:54:57'),
(16, 'Giáo viên 5', 'gv5@gmail.com', NULL, 'teacher', NULL, '$2y$12$.nEIjaWeJ9iT1HeXugyiYeX59Jcd0m8Cst9sNm.0pnCUY12k3DZOK', NULL, '2026-03-24 14:54:57', '2026-03-24 14:54:57'),
(17, 'Giáo viên 6', 'gv6@gmail.com', NULL, 'teacher', NULL, '$2y$12$.nEIjaWeJ9iT1HeXugyiYeX59Jcd0m8Cst9sNm.0pnCUY12k3DZOK', NULL, '2026-03-24 14:54:57', '2026-03-24 14:54:57'),
(18, 'Giáo viên 7', 'gv7@gmail.com', NULL, 'teacher', NULL, '$2y$12$.nEIjaWeJ9iT1HeXugyiYeX59Jcd0m8Cst9sNm.0pnCUY12k3DZOK', NULL, '2026-03-24 14:54:57', '2026-03-24 14:54:57'),
(19, 'Giáo viên 8', 'gv8@gmail.com', NULL, 'teacher', NULL, '$2y$12$.nEIjaWeJ9iT1HeXugyiYeX59Jcd0m8Cst9sNm.0pnCUY12k3DZOK', NULL, '2026-03-24 14:54:57', '2026-03-24 14:54:57'),
(20, 'Học sinh 1', 'hs1@gmail.com', NULL, 'student', NULL, '$2y$12$.nEIjaWeJ9iT1HeXugyiYeX59Jcd0m8Cst9sNm.0pnCUY12k3DZOK', 't3t8oaTz9RdM4NF7vA29yJYSt7Aqw1lF8eyT7NdsJqAO14fMBOkRSAUXha9s', '2026-03-24 14:54:57', '2026-03-24 14:54:57'),
(21, 'Học sinh 2', 'hs2@gmail.com', NULL, 'student', NULL, '$2y$12$.nEIjaWeJ9iT1HeXugyiYeX59Jcd0m8Cst9sNm.0pnCUY12k3DZOK', NULL, '2026-03-24 14:54:57', '2026-03-24 14:54:57'),
(22, 'Học sinh 3', 'hs3@gmail.com', NULL, 'student', NULL, '$2y$12$.nEIjaWeJ9iT1HeXugyiYeX59Jcd0m8Cst9sNm.0pnCUY12k3DZOK', NULL, '2026-03-24 14:54:57', '2026-03-24 14:54:57'),
(23, 'Học sinh 4', 'hs4@gmail.com', NULL, 'student', NULL, '$2y$12$.nEIjaWeJ9iT1HeXugyiYeX59Jcd0m8Cst9sNm.0pnCUY12k3DZOK', NULL, '2026-03-24 14:54:57', '2026-03-24 14:54:57'),
(24, 'Học sinh 5', 'hs5@gmail.com', NULL, 'student', NULL, '$2y$12$.nEIjaWeJ9iT1HeXugyiYeX59Jcd0m8Cst9sNm.0pnCUY12k3DZOK', NULL, '2026-03-24 14:54:57', '2026-03-24 14:54:57'),
(25, 'Học sinh 6', 'hs6@gmail.com', NULL, 'student', NULL, '$2y$12$.nEIjaWeJ9iT1HeXugyiYeX59Jcd0m8Cst9sNm.0pnCUY12k3DZOK', NULL, '2026-03-24 14:54:57', '2026-03-24 14:54:57'),
(26, 'Học sinh 7', 'hs7@gmail.com', NULL, 'student', NULL, '$2y$12$.nEIjaWeJ9iT1HeXugyiYeX59Jcd0m8Cst9sNm.0pnCUY12k3DZOK', NULL, '2026-03-24 14:54:57', '2026-03-24 14:54:57'),
(27, 'Học sinh 8', 'hs8@gmail.com', NULL, 'student', NULL, '$2y$12$.nEIjaWeJ9iT1HeXugyiYeX59Jcd0m8Cst9sNm.0pnCUY12k3DZOK', NULL, '2026-03-24 14:54:57', '2026-03-24 14:54:57'),
(28, 'Học sinh 9', 'hs9@gmail.com', NULL, 'student', NULL, '$2y$12$.nEIjaWeJ9iT1HeXugyiYeX59Jcd0m8Cst9sNm.0pnCUY12k3DZOK', NULL, '2026-03-24 14:54:57', '2026-03-24 14:54:57'),
(29, 'Học sinh 10', 'hs10@gmail.com', NULL, 'student', NULL, '$2y$12$.nEIjaWeJ9iT1HeXugyiYeX59Jcd0m8Cst9sNm.0pnCUY12k3DZOK', NULL, '2026-03-24 14:54:57', '2026-03-24 14:54:57'),
(30, 'Học sinh 11', 'hs11@gmail.com', NULL, 'student', NULL, '$2y$12$.nEIjaWeJ9iT1HeXugyiYeX59Jcd0m8Cst9sNm.0pnCUY12k3DZOK', NULL, '2026-03-24 14:54:57', '2026-03-24 14:54:57'),
(31, 'Học sinh 12', 'hs12@gmail.com', NULL, 'student', NULL, '$2y$12$.nEIjaWeJ9iT1HeXugyiYeX59Jcd0m8Cst9sNm.0pnCUY12k3DZOK', NULL, '2026-03-24 14:54:57', '2026-03-24 14:54:57'),
(32, 'Học sinh 13', 'hs13@gmail.com', NULL, 'student', NULL, '$2y$12$.nEIjaWeJ9iT1HeXugyiYeX59Jcd0m8Cst9sNm.0pnCUY12k3DZOK', NULL, '2026-03-24 14:54:57', '2026-03-24 14:54:57'),
(33, 'Học sinh 14', 'hs14@gmail.com', NULL, 'student', NULL, '$2y$12$.nEIjaWeJ9iT1HeXugyiYeX59Jcd0m8Cst9sNm.0pnCUY12k3DZOK', 't4gJN5xC2WCKrySG4WeeY7YMrYUq6NokElf59W5jp4EzDDkyBASzExhXpZjs', '2026-03-24 14:54:57', '2026-03-24 14:54:57'),
(34, 'Học sinh 15', 'hs15@gmail.com', NULL, 'student', NULL, '$2y$12$.nEIjaWeJ9iT1HeXugyiYeX59Jcd0m8Cst9sNm.0pnCUY12k3DZOK', NULL, '2026-03-24 14:54:57', '2026-03-24 14:54:57'),
(35, 'Học sinh 16', 'hs16@gmail.com', NULL, 'student', NULL, '$2y$12$.nEIjaWeJ9iT1HeXugyiYeX59Jcd0m8Cst9sNm.0pnCUY12k3DZOK', 'sKhvC6srAGG72ND3DRHxIinY2kUiubgxLpx9BE6mChgcDn4AMZgtbDFefsBf', '2026-03-24 14:54:57', '2026-03-24 14:54:57'),
(36, 'Học sinh 17', 'hs17@gmail.com', NULL, 'student', NULL, '$2y$12$.nEIjaWeJ9iT1HeXugyiYeX59Jcd0m8Cst9sNm.0pnCUY12k3DZOK', NULL, '2026-03-24 14:54:57', '2026-03-24 14:54:57'),
(37, 'Học sinh 18', 'hs18@gmail.com', NULL, 'student', NULL, '$2y$12$.nEIjaWeJ9iT1HeXugyiYeX59Jcd0m8Cst9sNm.0pnCUY12k3DZOK', NULL, '2026-03-24 14:54:57', '2026-03-24 14:54:57'),
(38, 'Học sinh 19', 'hs19@gmail.com', NULL, 'student', NULL, '$2y$12$.nEIjaWeJ9iT1HeXugyiYeX59Jcd0m8Cst9sNm.0pnCUY12k3DZOK', NULL, '2026-03-24 14:54:57', '2026-03-24 14:54:57'),
(39, 'Học sinh 20', 'hs20@gmail.com', NULL, 'student', NULL, '$2y$12$.nEIjaWeJ9iT1HeXugyiYeX59Jcd0m8Cst9sNm.0pnCUY12k3DZOK', NULL, '2026-03-24 14:54:57', '2026-03-24 14:54:57'),
(40, 'Học sinh 21', 'hs21@gmail.com', NULL, 'student', NULL, '$2y$12$.nEIjaWeJ9iT1HeXugyiYeX59Jcd0m8Cst9sNm.0pnCUY12k3DZOK', NULL, '2026-03-24 14:54:57', '2026-03-24 14:54:57'),
(41, 'Học sinh 22', 'hs22@gmail.com', NULL, 'student', NULL, '$2y$12$.nEIjaWeJ9iT1HeXugyiYeX59Jcd0m8Cst9sNm.0pnCUY12k3DZOK', '4RgLJYLMuEbWJv7McXlDZZ0WvxzUTVGG8AQDljqXbkcYUGAf0cmgD74zeqY3', '2026-03-24 14:54:57', '2026-03-24 14:54:57'),
(42, 'Học sinh 23', 'hs23@gmail.com', NULL, 'student', NULL, '$2y$12$.nEIjaWeJ9iT1HeXugyiYeX59Jcd0m8Cst9sNm.0pnCUY12k3DZOK', NULL, '2026-03-24 14:54:57', '2026-03-24 14:54:57'),
(43, 'Học sinh 24', 'hs24@gmail.com', NULL, 'student', NULL, '$2y$12$.nEIjaWeJ9iT1HeXugyiYeX59Jcd0m8Cst9sNm.0pnCUY12k3DZOK', NULL, '2026-03-24 14:54:57', '2026-03-24 14:54:57'),
(44, 'Học sinh 25', 'hs25@gmail.com', NULL, 'student', NULL, '$2y$12$.nEIjaWeJ9iT1HeXugyiYeX59Jcd0m8Cst9sNm.0pnCUY12k3DZOK', NULL, '2026-03-24 14:54:57', '2026-03-24 14:54:57'),
(45, 'Học sinh 26', 'hs26@gmail.com', NULL, 'student', NULL, '$2y$12$.nEIjaWeJ9iT1HeXugyiYeX59Jcd0m8Cst9sNm.0pnCUY12k3DZOK', NULL, '2026-03-24 14:54:57', '2026-03-24 14:54:57'),
(46, 'Học sinh 27', 'hs27@gmail.com', NULL, 'student', NULL, '$2y$12$.nEIjaWeJ9iT1HeXugyiYeX59Jcd0m8Cst9sNm.0pnCUY12k3DZOK', NULL, '2026-03-24 14:54:57', '2026-03-24 14:54:57'),
(47, 'Học sinh 28', 'hs28@gmail.com', NULL, 'student', NULL, '$2y$12$.nEIjaWeJ9iT1HeXugyiYeX59Jcd0m8Cst9sNm.0pnCUY12k3DZOK', NULL, '2026-03-24 14:54:57', '2026-03-24 14:54:57'),
(48, 'Học sinh 29', 'hs29@gmail.com', NULL, 'student', NULL, '$2y$12$.nEIjaWeJ9iT1HeXugyiYeX59Jcd0m8Cst9sNm.0pnCUY12k3DZOK', NULL, '2026-03-24 14:54:57', '2026-03-24 14:54:57'),
(49, 'Học sinh 30', 'hs30@gmail.com', NULL, 'student', NULL, '$2y$12$.nEIjaWeJ9iT1HeXugyiYeX59Jcd0m8Cst9sNm.0pnCUY12k3DZOK', NULL, '2026-03-24 14:54:57', '2026-03-24 14:54:57'),
(50, 'Học sinh 31', 'hs31@gmail.com', NULL, 'student', NULL, '$2y$12$.nEIjaWeJ9iT1HeXugyiYeX59Jcd0m8Cst9sNm.0pnCUY12k3DZOK', NULL, '2026-03-24 14:54:57', '2026-03-24 14:54:57'),
(51, 'Học sinh 32', 'hs32@gmail.com', NULL, 'student', NULL, '$2y$12$.nEIjaWeJ9iT1HeXugyiYeX59Jcd0m8Cst9sNm.0pnCUY12k3DZOK', NULL, '2026-03-24 14:54:57', '2026-03-24 14:54:57'),
(52, 'Học sinh 33', 'hs33@gmail.com', NULL, 'student', NULL, '$2y$12$.nEIjaWeJ9iT1HeXugyiYeX59Jcd0m8Cst9sNm.0pnCUY12k3DZOK', NULL, '2026-03-24 14:54:57', '2026-03-24 14:54:57'),
(53, 'Học sinh 34', 'hs34@gmail.com', NULL, 'student', NULL, '$2y$12$.nEIjaWeJ9iT1HeXugyiYeX59Jcd0m8Cst9sNm.0pnCUY12k3DZOK', NULL, '2026-03-24 14:54:57', '2026-03-24 14:54:57'),
(54, 'Học sinh 35', 'hs35@gmail.com', NULL, 'student', NULL, '$2y$12$.nEIjaWeJ9iT1HeXugyiYeX59Jcd0m8Cst9sNm.0pnCUY12k3DZOK', NULL, '2026-03-24 14:54:57', '2026-03-24 14:54:57'),
(55, 'Học sinh 36', 'hs36@gmail.com', NULL, 'student', NULL, '$2y$12$.nEIjaWeJ9iT1HeXugyiYeX59Jcd0m8Cst9sNm.0pnCUY12k3DZOK', NULL, '2026-03-24 14:54:57', '2026-03-24 14:54:57'),
(56, 'Học sinh 37', 'hs37@gmail.com', NULL, 'student', NULL, '$2y$12$.nEIjaWeJ9iT1HeXugyiYeX59Jcd0m8Cst9sNm.0pnCUY12k3DZOK', NULL, '2026-03-24 14:54:57', '2026-03-24 14:54:57'),
(57, 'Học sinh 38', 'hs38@gmail.com', NULL, 'student', NULL, '$2y$12$.nEIjaWeJ9iT1HeXugyiYeX59Jcd0m8Cst9sNm.0pnCUY12k3DZOK', NULL, '2026-03-24 14:54:57', '2026-03-24 14:54:57'),
(58, 'Học sinh 39', 'hs39@gmail.com', NULL, 'student', NULL, '$2y$12$.nEIjaWeJ9iT1HeXugyiYeX59Jcd0m8Cst9sNm.0pnCUY12k3DZOK', NULL, '2026-03-24 14:54:57', '2026-03-24 14:54:57'),
(59, 'Học sinh 40', 'hs40@gmail.com', NULL, 'student', NULL, '$2y$12$.nEIjaWeJ9iT1HeXugyiYeX59Jcd0m8Cst9sNm.0pnCUY12k3DZOK', NULL, '2026-03-24 14:54:57', '2026-03-24 14:54:57'),
(60, 'Đoàn Phương Minh Quân', 'minhquan6037@gmail.com', NULL, 'student', NULL, '$2y$12$gAA9A3ZWqfUFCw5O69XkGuPuFWKZ2sR9pBKhYPxqJYhXdtZTWLewi', NULL, '2026-03-25 07:20:00', '2026-03-25 07:20:00'),
(61, 'My Tien', 'hs37@example.com', NULL, 'student', NULL, '$2y$12$qTEIRySU0a.vVQCyfAXTVeK76rNab5W59b0nyk9uDgfM6kbE/47jG', NULL, '2026-03-25 07:22:40', '2026-03-25 07:22:40'),
(62, 'Caillen Hoang Reid', 'caillen22019@gmail.com', NULL, 'student', NULL, '$2y$12$sKZZg3iDr/GICckj0vVp..iXvmcxHfkvInhVwCeqSKRwM4QYFVAMS', NULL, '2026-03-26 06:35:31', '2026-03-26 06:35:31'),
(65, 'Vĩnh Tường', 'vinhtuongnguyenphan@gmail.com', NULL, 'student', NULL, '$2y$12$iyUJs.9gUPiMW2JfyNBLUOBGuIapgcTLKSunAWVsIxkdcorBUgAJC', NULL, '2026-03-26 06:40:07', '2026-03-26 06:40:07'),
(66, 'Tran Ngoc Phuong Uyen', 'phuonguyen140209@gmail.com', NULL, 'student', NULL, '$2y$12$c0ePKyh2iXzHTZh1IZeKheyHQECL09.vpTSN9Zd5Sgl/ZWRCwnEf2', NULL, '2026-03-26 06:41:38', '2026-03-26 06:41:38'),
(67, 'Nguyễn Văn A ', 'nguyenvana@gmail.com', NULL, 'student', NULL, '$2y$12$0QM0ePp214An/rAFthoHsuvo14reoC0O.rBfRIdfyrkeSjJ89H5QW', NULL, '2026-03-27 08:21:41', '2026-03-27 08:21:41'),
(68, 'Trần Văn D', 'tranvand@gmail.com', NULL, 'student', NULL, '$2y$12$rJX.cYFDPay8LjMKdb3RVOipwHkXCD6G2XzkP2jYUoyQYKODc53rK', NULL, '2026-03-27 08:21:41', '2026-03-27 08:21:41');

--
-- Chỉ mục cho các bảng đã đổ
--

--
-- Chỉ mục cho bảng `answers`
--
ALTER TABLE `answers`
  ADD PRIMARY KEY (`id`),
  ADD KEY `answers_question_id_foreign` (`question_id`);

--
-- Chỉ mục cho bảng `attempt_answers`
--
ALTER TABLE `attempt_answers`
  ADD PRIMARY KEY (`id`),
  ADD KEY `attempt_answers_attempt_id_foreign` (`attempt_id`),
  ADD KEY `attempt_answers_question_id_foreign` (`question_id`),
  ADD KEY `attempt_answers_selected_answer_id_foreign` (`selected_answer_id`);

--
-- Chỉ mục cho bảng `cache`
--
ALTER TABLE `cache`
  ADD PRIMARY KEY (`key`);

--
-- Chỉ mục cho bảng `cache_locks`
--
ALTER TABLE `cache_locks`
  ADD PRIMARY KEY (`key`);

--
-- Chỉ mục cho bảng `chat_messages`
--
ALTER TABLE `chat_messages`
  ADD PRIMARY KEY (`id`),
  ADD KEY `chat_messages_user_id_foreign` (`user_id`);

--
-- Chỉ mục cho bảng `cognitive_levels`
--
ALTER TABLE `cognitive_levels`
  ADD PRIMARY KEY (`id`);

--
-- Chỉ mục cho bảng `competencies`
--
ALTER TABLE `competencies`
  ADD PRIMARY KEY (`id`),
  ADD UNIQUE KEY `competencies_code_unique` (`code`);

--
-- Chỉ mục cho bảng `core_contents`
--
ALTER TABLE `core_contents`
  ADD PRIMARY KEY (`id`),
  ADD KEY `core_contents_topic_id_foreign` (`topic_id`);

--
-- Chỉ mục cho bảng `documents`
--
ALTER TABLE `documents`
  ADD PRIMARY KEY (`id`),
  ADD KEY `documents_topic_id_foreign` (`topic_id`),
  ADD KEY `documents_user_id_foreign` (`user_id`);

--
-- Chỉ mục cho bảng `exams`
--
ALTER TABLE `exams`
  ADD PRIMARY KEY (`id`),
  ADD KEY `exams_creator_id_foreign` (`creator_id`);

--
-- Chỉ mục cho bảng `exam_attempts`
--
ALTER TABLE `exam_attempts`
  ADD PRIMARY KEY (`id`),
  ADD KEY `exam_attempts_user_id_foreign` (`user_id`),
  ADD KEY `exam_attempts_exam_id_foreign` (`exam_id`);

--
-- Chỉ mục cho bảng `exam_questions`
--
ALTER TABLE `exam_questions`
  ADD PRIMARY KEY (`id`),
  ADD KEY `exam_questions_exam_id_foreign` (`exam_id`),
  ADD KEY `exam_questions_question_id_foreign` (`question_id`);

--
-- Chỉ mục cho bảng `exam_sessions`
--
ALTER TABLE `exam_sessions`
  ADD PRIMARY KEY (`id`),
  ADD KEY `exam_sessions_exam_id_foreign` (`exam_id`);

--
-- Chỉ mục cho bảng `exam_session_students`
--
ALTER TABLE `exam_session_students`
  ADD PRIMARY KEY (`id`),
  ADD KEY `exam_session_students_exam_session_id_foreign` (`exam_session_id`);

--
-- Chỉ mục cho bảng `failed_jobs`
--
ALTER TABLE `failed_jobs`
  ADD PRIMARY KEY (`id`),
  ADD UNIQUE KEY `failed_jobs_uuid_unique` (`uuid`);

--
-- Chỉ mục cho bảng `jobs`
--
ALTER TABLE `jobs`
  ADD PRIMARY KEY (`id`),
  ADD KEY `jobs_queue_index` (`queue`);

--
-- Chỉ mục cho bảng `job_batches`
--
ALTER TABLE `job_batches`
  ADD PRIMARY KEY (`id`);

--
-- Chỉ mục cho bảng `learning_objectives`
--
ALTER TABLE `learning_objectives`
  ADD PRIMARY KEY (`id`),
  ADD KEY `learning_objectives_topic_id_foreign` (`topic_id`),
  ADD KEY `learning_objectives_core_content_id_foreign` (`core_content_id`);

--
-- Chỉ mục cho bảng `migrations`
--
ALTER TABLE `migrations`
  ADD PRIMARY KEY (`id`);

--
-- Chỉ mục cho bảng `password_reset_tokens`
--
ALTER TABLE `password_reset_tokens`
  ADD PRIMARY KEY (`email`);

--
-- Chỉ mục cho bảng `questions`
--
ALTER TABLE `questions`
  ADD PRIMARY KEY (`id`),
  ADD KEY `questions_topic_id_foreign` (`topic_id`),
  ADD KEY `questions_competency_id_foreign` (`competency_id`),
  ADD KEY `questions_cognitive_level_id_foreign` (`cognitive_level_id`),
  ADD KEY `questions_learning_objective_id_foreign` (`learning_objective_id`),
  ADD KEY `questions_core_content_id_foreign` (`core_content_id`),
  ADD KEY `questions_source_index` (`source`),
  ADD KEY `fk_questions_user` (`user_id`);

--
-- Chỉ mục cho bảng `sessions`
--
ALTER TABLE `sessions`
  ADD PRIMARY KEY (`id`),
  ADD KEY `sessions_user_id_index` (`user_id`),
  ADD KEY `sessions_last_activity_index` (`last_activity`);

--
-- Chỉ mục cho bảng `topics`
--
ALTER TABLE `topics`
  ADD PRIMARY KEY (`id`);

--
-- Chỉ mục cho bảng `users`
--
ALTER TABLE `users`
  ADD PRIMARY KEY (`id`),
  ADD UNIQUE KEY `users_email_unique` (`email`);

--
-- AUTO_INCREMENT cho các bảng đã đổ
--

--
-- AUTO_INCREMENT cho bảng `answers`
--
ALTER TABLE `answers`
  MODIFY `id` bigint(20) UNSIGNED NOT NULL AUTO_INCREMENT, AUTO_INCREMENT=193;

--
-- AUTO_INCREMENT cho bảng `attempt_answers`
--
ALTER TABLE `attempt_answers`
  MODIFY `id` bigint(20) UNSIGNED NOT NULL AUTO_INCREMENT, AUTO_INCREMENT=2505;

--
-- AUTO_INCREMENT cho bảng `chat_messages`
--
ALTER TABLE `chat_messages`
  MODIFY `id` bigint(20) UNSIGNED NOT NULL AUTO_INCREMENT, AUTO_INCREMENT=42;

--
-- AUTO_INCREMENT cho bảng `cognitive_levels`
--
ALTER TABLE `cognitive_levels`
  MODIFY `id` bigint(20) UNSIGNED NOT NULL AUTO_INCREMENT, AUTO_INCREMENT=4;

--
-- AUTO_INCREMENT cho bảng `competencies`
--
ALTER TABLE `competencies`
  MODIFY `id` bigint(20) UNSIGNED NOT NULL AUTO_INCREMENT, AUTO_INCREMENT=6;

--
-- AUTO_INCREMENT cho bảng `core_contents`
--
ALTER TABLE `core_contents`
  MODIFY `id` bigint(20) UNSIGNED NOT NULL AUTO_INCREMENT, AUTO_INCREMENT=45;

--
-- AUTO_INCREMENT cho bảng `documents`
--
ALTER TABLE `documents`
  MODIFY `id` bigint(20) UNSIGNED NOT NULL AUTO_INCREMENT, AUTO_INCREMENT=3;

--
-- AUTO_INCREMENT cho bảng `exams`
--
ALTER TABLE `exams`
  MODIFY `id` bigint(20) UNSIGNED NOT NULL AUTO_INCREMENT, AUTO_INCREMENT=29;

--
-- AUTO_INCREMENT cho bảng `exam_attempts`
--
ALTER TABLE `exam_attempts`
  MODIFY `id` bigint(20) UNSIGNED NOT NULL AUTO_INCREMENT, AUTO_INCREMENT=70;

--
-- AUTO_INCREMENT cho bảng `exam_questions`
--
ALTER TABLE `exam_questions`
  MODIFY `id` bigint(20) UNSIGNED NOT NULL AUTO_INCREMENT, AUTO_INCREMENT=38;

--
-- AUTO_INCREMENT cho bảng `exam_sessions`
--
ALTER TABLE `exam_sessions`
  MODIFY `id` bigint(20) UNSIGNED NOT NULL AUTO_INCREMENT, AUTO_INCREMENT=22;

--
-- AUTO_INCREMENT cho bảng `exam_session_students`
--
ALTER TABLE `exam_session_students`
  MODIFY `id` bigint(20) UNSIGNED NOT NULL AUTO_INCREMENT, AUTO_INCREMENT=9;

--
-- AUTO_INCREMENT cho bảng `failed_jobs`
--
ALTER TABLE `failed_jobs`
  MODIFY `id` bigint(20) UNSIGNED NOT NULL AUTO_INCREMENT;

--
-- AUTO_INCREMENT cho bảng `jobs`
--
ALTER TABLE `jobs`
  MODIFY `id` bigint(20) UNSIGNED NOT NULL AUTO_INCREMENT;

--
-- AUTO_INCREMENT cho bảng `learning_objectives`
--
ALTER TABLE `learning_objectives`
  MODIFY `id` bigint(20) UNSIGNED NOT NULL AUTO_INCREMENT, AUTO_INCREMENT=136;

--
-- AUTO_INCREMENT cho bảng `migrations`
--
ALTER TABLE `migrations`
  MODIFY `id` int(10) UNSIGNED NOT NULL AUTO_INCREMENT, AUTO_INCREMENT=26;

--
-- AUTO_INCREMENT cho bảng `questions`
--
ALTER TABLE `questions`
  MODIFY `id` bigint(20) UNSIGNED NOT NULL AUTO_INCREMENT, AUTO_INCREMENT=67;

--
-- AUTO_INCREMENT cho bảng `topics`
--
ALTER TABLE `topics`
  MODIFY `id` bigint(20) UNSIGNED NOT NULL AUTO_INCREMENT, AUTO_INCREMENT=8;

--
-- AUTO_INCREMENT cho bảng `users`
--
ALTER TABLE `users`
  MODIFY `id` bigint(20) UNSIGNED NOT NULL AUTO_INCREMENT, AUTO_INCREMENT=69;

--
-- Các ràng buộc cho các bảng đã đổ
--

--
-- Các ràng buộc cho bảng `answers`
--
ALTER TABLE `answers`
  ADD CONSTRAINT `answers_question_id_foreign` FOREIGN KEY (`question_id`) REFERENCES `questions` (`id`) ON DELETE CASCADE;

--
-- Các ràng buộc cho bảng `attempt_answers`
--
ALTER TABLE `attempt_answers`
  ADD CONSTRAINT `attempt_answers_attempt_id_foreign` FOREIGN KEY (`attempt_id`) REFERENCES `exam_attempts` (`id`) ON DELETE CASCADE,
  ADD CONSTRAINT `attempt_answers_question_id_foreign` FOREIGN KEY (`question_id`) REFERENCES `questions` (`id`),
  ADD CONSTRAINT `attempt_answers_selected_answer_id_foreign` FOREIGN KEY (`selected_answer_id`) REFERENCES `answers` (`id`);

--
-- Các ràng buộc cho bảng `chat_messages`
--
ALTER TABLE `chat_messages`
  ADD CONSTRAINT `chat_messages_user_id_foreign` FOREIGN KEY (`user_id`) REFERENCES `users` (`id`) ON DELETE CASCADE;

--
-- Các ràng buộc cho bảng `core_contents`
--
ALTER TABLE `core_contents`
  ADD CONSTRAINT `core_contents_topic_id_foreign` FOREIGN KEY (`topic_id`) REFERENCES `topics` (`id`) ON DELETE CASCADE;

--
-- Các ràng buộc cho bảng `documents`
--
ALTER TABLE `documents`
  ADD CONSTRAINT `documents_topic_id_foreign` FOREIGN KEY (`topic_id`) REFERENCES `topics` (`id`) ON DELETE CASCADE,
  ADD CONSTRAINT `documents_user_id_foreign` FOREIGN KEY (`user_id`) REFERENCES `users` (`id`) ON DELETE CASCADE;

--
-- Các ràng buộc cho bảng `exams`
--
ALTER TABLE `exams`
  ADD CONSTRAINT `exams_creator_id_foreign` FOREIGN KEY (`creator_id`) REFERENCES `users` (`id`);

--
-- Các ràng buộc cho bảng `exam_attempts`
--
ALTER TABLE `exam_attempts`
  ADD CONSTRAINT `exam_attempts_exam_id_foreign` FOREIGN KEY (`exam_id`) REFERENCES `exams` (`id`) ON DELETE CASCADE,
  ADD CONSTRAINT `exam_attempts_user_id_foreign` FOREIGN KEY (`user_id`) REFERENCES `users` (`id`);

--
-- Các ràng buộc cho bảng `exam_questions`
--
ALTER TABLE `exam_questions`
  ADD CONSTRAINT `exam_questions_exam_id_foreign` FOREIGN KEY (`exam_id`) REFERENCES `exams` (`id`) ON DELETE CASCADE,
  ADD CONSTRAINT `exam_questions_question_id_foreign` FOREIGN KEY (`question_id`) REFERENCES `questions` (`id`) ON DELETE CASCADE;

--
-- Các ràng buộc cho bảng `exam_sessions`
--
ALTER TABLE `exam_sessions`
  ADD CONSTRAINT `exam_sessions_exam_id_foreign` FOREIGN KEY (`exam_id`) REFERENCES `exams` (`id`) ON DELETE CASCADE;

--
-- Các ràng buộc cho bảng `exam_session_students`
--
ALTER TABLE `exam_session_students`
  ADD CONSTRAINT `exam_session_students_exam_session_id_foreign` FOREIGN KEY (`exam_session_id`) REFERENCES `exam_sessions` (`id`) ON DELETE CASCADE;

--
-- Các ràng buộc cho bảng `learning_objectives`
--
ALTER TABLE `learning_objectives`
  ADD CONSTRAINT `learning_objectives_core_content_id_foreign` FOREIGN KEY (`core_content_id`) REFERENCES `core_contents` (`id`) ON DELETE CASCADE,
  ADD CONSTRAINT `learning_objectives_topic_id_foreign` FOREIGN KEY (`topic_id`) REFERENCES `topics` (`id`) ON DELETE CASCADE;

--
-- Các ràng buộc cho bảng `questions`
--
ALTER TABLE `questions`
  ADD CONSTRAINT `fk_questions_user` FOREIGN KEY (`user_id`) REFERENCES `users` (`id`) ON DELETE SET NULL,
  ADD CONSTRAINT `questions_cognitive_level_id_foreign` FOREIGN KEY (`cognitive_level_id`) REFERENCES `cognitive_levels` (`id`),
  ADD CONSTRAINT `questions_competency_id_foreign` FOREIGN KEY (`competency_id`) REFERENCES `competencies` (`id`),
  ADD CONSTRAINT `questions_core_content_id_foreign` FOREIGN KEY (`core_content_id`) REFERENCES `core_contents` (`id`) ON DELETE SET NULL,
  ADD CONSTRAINT `questions_learning_objective_id_foreign` FOREIGN KEY (`learning_objective_id`) REFERENCES `learning_objectives` (`id`) ON DELETE SET NULL,
  ADD CONSTRAINT `questions_topic_id_foreign` FOREIGN KEY (`topic_id`) REFERENCES `topics` (`id`);
COMMIT;

/*!40101 SET CHARACTER_SET_CLIENT=@OLD_CHARACTER_SET_CLIENT */;
/*!40101 SET CHARACTER_SET_RESULTS=@OLD_CHARACTER_SET_RESULTS */;
/*!40101 SET COLLATION_CONNECTION=@OLD_COLLATION_CONNECTION */;
